outcome,intake_g_per_day,rr,ci_low,ci_high,locator
chd_incidence_or_mortality,0,1.0,,,"Additional file 1, Supplementary Table 14 (PDF p. 41), row 0 g/d (reference category)"
chd_incidence,0,1.0,,,"Additional file 1, Supplementary Table 14 (PDF p. 41), row 0 g/d (reference category)"
chd_mortality,0,1.0,,,"Additional file 1, Supplementary Table 14 (PDF p. 41), row 0 g/d (reference category)"
stroke_incidence_or_mortality,0,1.0,,,"Additional file 1, Supplementary Table 14 (PDF p. 41), row 0 g/d (reference category)"
stroke_incidence,0,1.0,,,"Additional file 1, Supplementary Table 14 (PDF p. 41), row 0 g/d (reference category)"
stroke_mortality,0,1.0,,,"Additional file 1, Supplementary Table 14 (PDF p. 41), row 0 g/d (reference category)"
cvd_incidence_or_mortality,0,1.0,,,"Additional file 1, Supplementary Table 14 (PDF p. 41), row 0 g/d (reference category)"
cvd_incidence,0,1.0,,,"Additional file 1, Supplementary Table 14 (PDF p. 41), row 0 g/d (reference category)"
cvd_mortality,0,1.0,,,"Additional file 1, Supplementary Table 14 (PDF p. 41), row 0 g/d (reference category)"
chd_incidence_or_mortality,5,0.89,0.87,0.9,"Additional file 1, Supplementary Table 14 (PDF p. 41), row 5 g/d"
chd_incidence,5,0.88,0.84,0.94,"Additional file 1, Supplementary Table 14 (PDF p. 41), row 5 g/d"
chd_mortality,5,0.88,0.86,0.9,"Additional file 1, Supplementary Table 14 (PDF p. 41), row 5 g/d"
stroke_incidence_or_mortality,5,0.94,0.92,0.96,"Additional file 1, Supplementary Table 14 (PDF p. 41), row 5 g/d"
stroke_incidence,5,0.96,0.93,0.99,"Additional file 1, Supplementary Table 14 (PDF p. 41), row 5 g/d"
stroke_mortality,5,0.97,0.92,1.01,"Additional file 1, Supplementary Table 14 (PDF p. 41), row 5 g/d"
cvd_incidence_or_mortality,5,0.88,0.87,0.9,"Additional file 1, Supplementary Table 14 (PDF p. 41), row 5 g/d"
cvd_incidence,5,0.88,0.83,0.92,"Additional file 1, Supplementary Table 14 (PDF p. 41), row 5 g/d"
cvd_mortality,5,0.88,0.87,0.89,"Additional file 1, Supplementary Table 14 (PDF p. 41), row 5 g/d"
chd_incidence_or_mortality,10,0.82,0.79,0.84,"Additional file 1, Supplementary Table 14 (PDF p. 41), row 10 g/d"
chd_incidence,10,0.83,0.77,0.88,"Additional file 1, Supplementary Table 14 (PDF p. 41), row 10 g/d"
chd_mortality,10,0.81,0.78,0.83,"Additional file 1, Supplementary Table 14 (PDF p. 41), row 10 g/d"
stroke_incidence_or_mortality,10,0.92,0.89,0.95,"Additional file 1, Supplementary Table 14 (PDF p. 41), row 10 g/d"
stroke_incidence,10,0.95,0.92,0.99,"Additional file 1, Supplementary Table 14 (PDF p. 41), row 10 g/d"
stroke_mortality,10,0.95,0.9,1.01,"Additional file 1, Supplementary Table 14 (PDF p. 41), row 10 g/d"
cvd_incidence_or_mortality,10,0.83,0.81,0.84,"Additional file 1, Supplementary Table 14 (PDF p. 41), row 10 g/d"
cvd_incidence,10,0.85,0.8,0.91,"Additional file 1, Supplementary Table 14 (PDF p. 41), row 10 g/d"
cvd_mortality,10,0.82,0.8,0.84,"Additional file 1, Supplementary Table 14 (PDF p. 41), row 10 g/d"
chd_incidence_or_mortality,15,0.78,0.76,0.81,"Additional file 1, Supplementary Table 14 (PDF p. 41), row 15 g/d"
chd_incidence,15,0.81,0.76,0.86,"Additional file 1, Supplementary Table 14 (PDF p. 41), row 15 g/d"
chd_mortality,15,0.77,0.74,0.79,"Additional file 1, Supplementary Table 14 (PDF p. 41), row 15 g/d"
stroke_incidence_or_mortality,15,0.94,0.91,0.97,"Additional file 1, Supplementary Table 14 (PDF p. 41), row 15 g/d"
stroke_incidence,15,0.96,0.92,1.0,"Additional file 1, Supplementary Table 14 (PDF p. 41), row 15 g/d"
stroke_mortality,15,0.96,0.9,1.02,"Additional file 1, Supplementary Table 14 (PDF p. 41), row 15 g/d"
cvd_incidence_or_mortality,15,0.81,0.79,0.83,"Additional file 1, Supplementary Table 14 (PDF p. 41), row 15 g/d"
cvd_incidence,15,0.87,0.82,0.93,"Additional file 1, Supplementary Table 14 (PDF p. 41), row 15 g/d"
cvd_mortality,15,0.8,0.79,0.82,"Additional file 1, Supplementary Table 14 (PDF p. 41), row 15 g/d"
chd_incidence_or_mortality,20,0.77,0.74,0.79,"Additional file 1, Supplementary Table 14 (PDF p. 41), row 20 g/d"
chd_incidence,20,0.81,0.74,0.89,"Additional file 1, Supplementary Table 14 (PDF p. 41), row 20 g/d"
chd_mortality,20,0.75,0.72,0.77,"Additional file 1, Supplementary Table 14 (PDF p. 41), row 20 g/d"
stroke_incidence_or_mortality,20,0.97,0.94,1.01,"Additional file 1, Supplementary Table 14 (PDF p. 41), row 20 g/d"
stroke_incidence,20,0.97,0.92,1.02,"Additional file 1, Supplementary Table 14 (PDF p. 41), row 20 g/d"
stroke_mortality,20,0.97,0.91,1.04,"Additional file 1, Supplementary Table 14 (PDF p. 41), row 20 g/d"
cvd_incidence_or_mortality,20,0.82,0.81,0.84,"Additional file 1, Supplementary Table 14 (PDF p. 41), row 20 g/d"
cvd_incidence,20,0.89,0.84,0.95,"Additional file 1, Supplementary Table 14 (PDF p. 41), row 20 g/d"
cvd_mortality,20,0.81,0.8,0.83,"Additional file 1, Supplementary Table 14 (PDF p. 41), row 20 g/d"
chd_incidence_or_mortality,25,0.76,0.73,0.79,"Additional file 1, Supplementary Table 14 (PDF p. 41), row 25 g/d"
chd_incidence,25,0.83,0.7,0.98,"Additional file 1, Supplementary Table 14 (PDF p. 41), row 25 g/d"
chd_mortality,25,0.74,0.71,0.77,"Additional file 1, Supplementary Table 14 (PDF p. 41), row 25 g/d"
stroke_incidence_or_mortality,25,1.02,0.98,1.07,"Additional file 1, Supplementary Table 14 (PDF p. 41), row 25 g/d"
stroke_incidence,25,0.98,0.91,1.04,"Additional file 1, Supplementary Table 14 (PDF p. 41), row 25 g/d"
stroke_mortality,25,0.99,0.91,1.08,"Additional file 1, Supplementary Table 14 (PDF p. 41), row 25 g/d"
cvd_incidence_or_mortality,25,0.85,0.83,0.87,"Additional file 1, Supplementary Table 14 (PDF p. 41), row 25 g/d"
cvd_mortality,25,0.84,0.82,0.86,"Additional file 1, Supplementary Table 14 (PDF p. 41), row 25 g/d"
chd_incidence_or_mortality,28,0.75,0.71,0.8,"Additional file 1, Supplementary Table 14 (PDF p. 41), row 28 g/d"
chd_incidence,28,0.84,0.68,1.05,"Additional file 1, Supplementary Table 14 (PDF p. 41), row 28 g/d"
chd_mortality,28,0.73,0.7,0.77,"Additional file 1, Supplementary Table 14 (PDF p. 41), row 28 g/d"
stroke_incidence_or_mortality,28,1.05,1.0,1.12,"Additional file 1, Supplementary Table 14 (PDF p. 41), row 28 g/d"
stroke_incidence,28,0.98,0.91,1.06,"Additional file 1, Supplementary Table 14 (PDF p. 41), row 28 g/d"
cvd_incidence_or_mortality,28,0.86,0.84,0.89,"Additional file 1, Supplementary Table 14 (PDF p. 41), row 28 g/d"
cvd_mortality,28,0.85,0.83,0.88,"Additional file 1, Supplementary Table 14 (PDF p. 41), row 28 g/d"
total_cancer,0,1.0,,,"Additional file 1, Supplementary Table 15 (PDF p. 41), row 0 g/d (reference category)"
all_cause_mortality,0,1.0,,,"Additional file 1, Supplementary Table 15 (PDF p. 41), row 0 g/d (reference category)"
respiratory_disease_mortality,0,1.0,,,"Additional file 1, Supplementary Table 15 (PDF p. 41), row 0 g/d (reference category)"
diabetes_mortality,0,1.0,,,"Additional file 1, Supplementary Table 15 (PDF p. 41), row 0 g/d (reference category)"
neurodegenerative_disease_mortality,0,1.0,,,"Additional file 1, Supplementary Table 15 (PDF p. 41), row 0 g/d (reference category)"
total_cancer,5,0.93,0.91,0.96,"Additional file 1, Supplementary Table 15 (PDF p. 41), row 5 g/d"
all_cause_mortality,5,0.89,0.87,0.91,"Additional file 1, Supplementary Table 15 (PDF p. 41), row 5 g/d"
respiratory_disease_mortality,5,0.78,0.69,0.9,"Additional file 1, Supplementary Table 15 (PDF p. 41), row 5 g/d"
diabetes_mortality,5,0.8,0.69,0.93,"Additional file 1, Supplementary Table 15 (PDF p. 41), row 5 g/d"
neurodegenerative_disease_mortality,5,0.99,0.93,1.06,"Additional file 1, Supplementary Table 15 (PDF p. 41), row 5 g/d"
total_cancer,10,0.9,0.86,0.94,"Additional file 1, Supplementary Table 15 (PDF p. 41), row 10 g/d"
all_cause_mortality,10,0.84,0.81,0.87,"Additional file 1, Supplementary Table 15 (PDF p. 41), row 10 g/d"
respiratory_disease_mortality,10,0.72,0.63,0.82,"Additional file 1, Supplementary Table 15 (PDF p. 41), row 10 g/d"
diabetes_mortality,10,0.72,0.6,0.86,"Additional file 1, Supplementary Table 15 (PDF p. 41), row 10 g/d"
neurodegenerative_disease_mortality,10,0.82,0.75,0.9,"Additional file 1, Supplementary Table 15 (PDF p. 41), row 10 g/d"
total_cancer,15,0.88,0.85,0.92,"Additional file 1, Supplementary Table 15 (PDF p. 41), row 15 g/d"
all_cause_mortality,15,0.82,0.79,0.85,"Additional file 1, Supplementary Table 15 (PDF p. 41), row 15 g/d"
respiratory_disease_mortality,15,0.67,0.56,0.8,"Additional file 1, Supplementary Table 15 (PDF p. 41), row 15 g/d"
diabetes_mortality,15,0.71,0.62,0.82,"Additional file 1, Supplementary Table 15 (PDF p. 41), row 15 g/d"
neurodegenerative_disease_mortality,15,0.67,0.55,0.8,"Additional file 1, Supplementary Table 15 (PDF p. 41), row 15 g/d"
total_cancer,20,0.88,0.85,0.91,"Additional file 1, Supplementary Table 15 (PDF p. 41), row 20 g/d"
all_cause_mortality,20,0.82,0.8,0.84,"Additional file 1, Supplementary Table 15 (PDF p. 41), row 20 g/d"
respiratory_disease_mortality,20,0.63,0.49,0.81,"Additional file 1, Supplementary Table 15 (PDF p. 41), row 20 g/d"
diabetes_mortality,20,0.74,0.63,0.86,"Additional file 1, Supplementary Table 15 (PDF p. 41), row 20 g/d"
neurodegenerative_disease_mortality,20,0.55,0.42,0.73,"Additional file 1, Supplementary Table 15 (PDF p. 41), row 20 g/d"
total_cancer,25,0.89,0.85,0.92,"Additional file 1, Supplementary Table 15 (PDF p. 41), row 25 g/d"
all_cause_mortality,25,0.84,0.82,0.85,"Additional file 1, Supplementary Table 15 (PDF p. 41), row 25 g/d"
diabetes_mortality,25,0.76,0.6,0.97,"Additional file 1, Supplementary Table 15 (PDF p. 41), row 25 g/d"
all_cause_mortality,28,0.85,0.83,0.86,"Additional file 1, Supplementary Table 15 (PDF p. 41), row 28 g/d"
