exposure_g_per_day,rr_mean,rr_inner_low,rr_inner_high,rr_outer_low,rr_outer_high,log_rr_mean,star_rating,ros,exposure_p15_g_per_day,exposure_p85_g_per_day,risk_unit,within_p15_p85
0,1,1,1,1,1,0,2,0.105213938228705,0,23.49125,g/day,True
1.01010101010101,0.937309531106765,0.924851957246252,0.949934906035628,0.897369407688264,0.979027309797464,-0.0647417085981954,2,0.105213938228705,0,23.49125,g/day,True
2.02020202020202,0.884957217009582,0.862885019174107,0.907594011409445,0.815120149121262,0.960777716980271,-0.122215977504792,2,0.105213938228705,0,23.49125,g/day,True
3.03030303030303,0.842715273884184,0.813432738955967,0.873051942498884,0.751091796565573,0.94551562949429,-0.171126131431353,2,0.105213938228705,0,23.49125,g/day,True
4.04040404040404,0.809662973040779,0.775093181703874,0.845774605412138,0.702471572012479,0.933210902805882,-0.211137200567769,2,0.105213938228705,0,23.49125,g/day,True
5.05050505050505,0.785481285447459,0.747246716505623,0.825672212617277,0.667733377098852,0.923992825502947,-0.241458646589429,2,0.105213938228705,0,23.49125,g/day,True
6.06060606060606,0.769556609182983,0.729004817403048,0.812364144378197,0.645245169012522,0.917817603568478,-0.261940762219351,2,0.105213938228705,0,23.49125,g/day,True
7.07070707070707,0.76066260947073,0.718850438814531,0.804906798695168,0.632820559920652,0.914331237150972,-0.273565370979439,2,0.105213938228705,0,23.49125,g/day,True
8.08080808080808,0.757447981765387,0.715186280542937,0.802207006326954,0.628353764078453,0.913064388055175,-0.277800414893352,2,0.105213938228705,0,23.49125,g/day,True
9.09090909090909,0.757073462688748,0.714759597789717,0.80189231411504,0.627834189370929,0.912916559198251,-0.278294985750231,2,0.105213938228705,0,23.49125,g/day,True
10.1010101010101,0.757073472377666,0.71475960882756,0.801892322256636,0.627834202810243,0.912916563023263,-0.278294972952374,2,0.105213938228705,0,23.49125,g/day,True
11.1111111111111,0.757073482066584,0.714759619865403,0.801892330398231,0.627834216249556,0.912916566848275,-0.278294960154518,2,0.105213938228705,0,23.49125,g/day,True
12.1212121212121,0.757073491755502,0.714759630903247,0.801892338539827,0.62783422968887,0.912916570673286,-0.278294947356661,2,0.105213938228705,0,23.49125,g/day,True
13.1313131313131,0.75707350144442,0.71475964194109,0.801892346681422,0.627834243128184,0.912916574498298,-0.278294934558805,2,0.105213938228705,0,23.49125,g/day,True
14.1414141414141,0.757073511133338,0.714759652978934,0.801892354823017,0.627834256567498,0.91291657832331,-0.278294921760949,2,0.105213938228705,0,23.49125,g/day,True
15.1515151515152,0.757073520822255,0.714759664016777,0.801892362964613,0.627834270006813,0.912916582148322,-0.278294908963093,2,0.105213938228705,0,23.49125,g/day,True
16.1616161616162,0.757073530511173,0.71475967505462,0.801892371106208,0.627834283446127,0.912916585973333,-0.278294896165237,2,0.105213938228705,0,23.49125,g/day,True
17.1717171717172,0.757073540200091,0.714759686092463,0.801892379247803,0.627834296885441,0.912916589798345,-0.278294883367382,2,0.105213938228705,0,23.49125,g/day,True
18.1818181818182,0.757073549889009,0.714759697130307,0.801892387389398,0.627834310324756,0.912916593623356,-0.278294870569526,2,0.105213938228705,0,23.49125,g/day,True
19.1919191919192,0.757073559577926,0.71475970816815,0.801892395530994,0.62783432376407,0.912916597448368,-0.278294857771671,2,0.105213938228705,0,23.49125,g/day,True
20.2020202020202,0.757073569266844,0.714759719205994,0.801892403672589,0.627834337203385,0.912916601273379,-0.278294844973816,2,0.105213938228705,0,23.49125,g/day,True
21.2121212121212,0.757073578955762,0.714759730243837,0.801892411814184,0.6278343506427,0.912916605098391,-0.278294832175961,2,0.105213938228705,0,23.49125,g/day,True
22.2222222222222,0.75707358864468,0.714759741281681,0.801892419955779,0.627834364082015,0.912916608923402,-0.278294819378106,2,0.105213938228705,0,23.49125,g/day,True
23.2323232323232,0.757073598333597,0.714759752319524,0.801892428097374,0.62783437752133,0.912916612748414,-0.278294806580252,2,0.105213938228705,0,23.49125,g/day,True
24.2424242424242,0.757073608022515,0.714759763357368,0.801892436238969,0.627834390960645,0.912916616573425,-0.278294793782397,2,0.105213938228705,0,23.49125,g/day,False
25.2525252525253,0.757073617711433,0.714759774395211,0.801892444380564,0.62783440439996,0.912916620398436,-0.278294780984543,2,0.105213938228705,0,23.49125,g/day,False
26.2626262626263,0.75707362740035,0.714759785433055,0.801892452522159,0.627834417839275,0.912916624223447,-0.278294768186689,2,0.105213938228705,0,23.49125,g/day,False
27.2727272727273,0.757073637089268,0.714759796470898,0.801892460663754,0.627834431278591,0.912916628048459,-0.278294755388836,2,0.105213938228705,0,23.49125,g/day,False
28.2828282828283,0.757073646778186,0.714759807508742,0.801892468805349,0.627834444717906,0.91291663187347,-0.278294742590982,2,0.105213938228705,0,23.49125,g/day,False
29.2929292929293,0.757073656467103,0.714759818546585,0.801892476946944,0.627834458157222,0.912916635698481,-0.278294729793128,2,0.105213938228705,0,23.49125,g/day,False
30.3030303030303,0.757073666156021,0.714759829584429,0.801892485088539,0.627834471596537,0.912916639523492,-0.278294716995275,2,0.105213938228705,0,23.49125,g/day,False
31.3131313131313,0.757073675844939,0.714759840622273,0.801892493230134,0.627834485035853,0.912916643348503,-0.278294704197422,2,0.105213938228705,0,23.49125,g/day,False
32.3232323232323,0.757073685533857,0.714759851660116,0.801892501371729,0.627834498475169,0.912916647173514,-0.278294691399569,2,0.105213938228705,0,23.49125,g/day,False
33.3333333333333,0.757073695222774,0.71475986269796,0.801892509513324,0.627834511914486,0.912916650998525,-0.278294678601716,2,0.105213938228705,0,23.49125,g/day,False
34.3434343434343,0.757073704911692,0.714759873735804,0.801892517654918,0.627834525353802,0.912916654823536,-0.278294665803863,2,0.105213938228705,0,23.49125,g/day,False
35.3535353535354,0.75707371460061,0.714759884773648,0.801892525796513,0.627834538793118,0.912916658648547,-0.278294653006011,2,0.105213938228705,0,23.49125,g/day,False
36.3636363636364,0.757073724289527,0.714759895811491,0.801892533938108,0.627834552232434,0.912916662473558,-0.278294640208158,2,0.105213938228705,0,23.49125,g/day,False
37.3737373737374,0.757073733978445,0.714759906849335,0.801892542079703,0.627834565671751,0.912916666298569,-0.278294627410307,2,0.105213938228705,0,23.49125,g/day,False
38.3838383838384,0.757073743667362,0.714759917887179,0.801892550221297,0.627834579111067,0.91291667012358,-0.278294614612455,2,0.105213938228705,0,23.49125,g/day,False
39.3939393939394,0.75707375335628,0.714759928925023,0.801892558362892,0.627834592550384,0.912916673948591,-0.278294601814603,2,0.105213938228705,0,23.49125,g/day,False
40.4040404040404,0.757073763045198,0.714759939962867,0.801892566504487,0.627834605989701,0.912916677773602,-0.278294589016751,2,0.105213938228705,0,23.49125,g/day,False
41.4141414141414,0.757073772734115,0.71475995100071,0.801892574646081,0.627834619429018,0.912916681598612,-0.2782945762189,2,0.105213938228705,0,23.49125,g/day,False
42.4242424242424,0.757073782423033,0.714759962038554,0.801892582787676,0.627834632868335,0.912916685423623,-0.278294563421049,2,0.105213938228705,0,23.49125,g/day,False
43.4343434343434,0.75707379211195,0.714759973076398,0.80189259092927,0.627834646307652,0.912916689248634,-0.278294550623197,2,0.105213938228705,0,23.49125,g/day,False
44.4444444444444,0.757073801800868,0.714759984114242,0.801892599070865,0.627834659746969,0.912916693073644,-0.278294537825347,2,0.105213938228705,0,23.49125,g/day,False
45.4545454545455,0.757073811489785,0.714759995152086,0.80189260721246,0.627834673186287,0.912916696898655,-0.278294525027496,2,0.105213938228705,0,23.49125,g/day,False
46.4646464646465,0.757073821178703,0.71476000618993,0.801892615354054,0.627834686625604,0.912916700723665,-0.278294512229645,2,0.105213938228705,0,23.49125,g/day,False
47.4747474747475,0.757073830867621,0.714760017227774,0.801892623495648,0.627834700064922,0.912916704548676,-0.278294499431795,2,0.105213938228705,0,23.49125,g/day,False
48.4848484848485,0.757073840556538,0.714760028265618,0.801892631637243,0.627834713504239,0.912916708373686,-0.278294486633945,2,0.105213938228705,0,23.49125,g/day,False
49.4949494949495,0.757073850245456,0.714760039303462,0.801892639778837,0.627834726943557,0.912916712198697,-0.278294473836095,2,0.105213938228705,0,23.49125,g/day,False
50.5050505050505,0.757073859934373,0.714760050341306,0.801892647920432,0.627834740382875,0.912916716023707,-0.278294461038245,2,0.105213938228705,0,23.49125,g/day,False
51.5151515151515,0.757073869623291,0.71476006137915,0.801892656062026,0.627834753822193,0.912916719848718,-0.278294448240395,2,0.105213938228705,0,23.49125,g/day,False
52.5252525252525,0.757073879312208,0.714760072416994,0.80189266420362,0.627834767261511,0.912916723673728,-0.278294435442546,2,0.105213938228705,0,23.49125,g/day,False
53.5353535353535,0.757073889001126,0.714760083454838,0.801892672345214,0.627834780700829,0.912916727498738,-0.278294422644696,2,0.105213938228705,0,23.49125,g/day,False
54.5454545454545,0.757073898690043,0.714760094492683,0.801892680486809,0.627834794140147,0.912916731323748,-0.278294409846847,2,0.105213938228705,0,23.49125,g/day,False
55.5555555555556,0.757073908378961,0.714760105530527,0.801892688628403,0.627834807579466,0.912916735148759,-0.278294397048998,2,0.105213938228705,0,23.49125,g/day,False
56.5656565656566,0.757073918067878,0.714760116568371,0.801892696769997,0.627834821018784,0.912916738973769,-0.278294384251149,2,0.105213938228705,0,23.49125,g/day,False
57.5757575757576,0.757073927756796,0.714760127606215,0.801892704911591,0.627834834458103,0.912916742798779,-0.278294371453301,2,0.105213938228705,0,23.49125,g/day,False
58.5858585858586,0.757073937445713,0.714760138644059,0.801892713053185,0.627834847897421,0.912916746623789,-0.278294358655452,2,0.105213938228705,0,23.49125,g/day,False
59.5959595959596,0.757073947134631,0.714760149681904,0.80189272119478,0.62783486133674,0.912916750448799,-0.278294345857604,2,0.105213938228705,0,23.49125,g/day,False
60.6060606060606,0.757073956823548,0.714760160719748,0.801892729336374,0.627834874776059,0.912916754273809,-0.278294333059756,2,0.105213938228705,0,23.49125,g/day,False
61.6161616161616,0.757073966512466,0.714760171757592,0.801892737477968,0.627834888215378,0.912916758098819,-0.278294320261908,2,0.105213938228705,0,23.49125,g/day,False
62.6262626262626,0.757073976201383,0.714760182795436,0.801892745619562,0.627834901654697,0.912916761923829,-0.27829430746406,2,0.105213938228705,0,23.49125,g/day,False
63.6363636363636,0.7570739858903,0.714760193833281,0.801892753761156,0.627834915094017,0.912916765748839,-0.278294294666212,2,0.105213938228705,0,23.49125,g/day,False
64.6464646464647,0.757073995579218,0.714760204871125,0.80189276190275,0.627834928533336,0.912916769573849,-0.278294281868365,2,0.105213938228705,0,23.49125,g/day,False
65.6565656565657,0.757074005268135,0.71476021590897,0.801892770044344,0.627834941972656,0.912916773398859,-0.278294269070518,2,0.105213938228705,0,23.49125,g/day,False
66.6666666666667,0.757074014957053,0.714760226946814,0.801892778185937,0.627834955411975,0.912916777223869,-0.278294256272671,2,0.105213938228705,0,23.49125,g/day,False
67.6767676767677,0.75707402464597,0.714760237984658,0.801892786327531,0.627834968851295,0.912916781048879,-0.278294243474824,2,0.105213938228705,0,23.49125,g/day,False
68.6868686868687,0.757074034334887,0.714760249022502,0.801892794469125,0.627834982290614,0.912916784873888,-0.278294230676977,2,0.105213938228705,0,23.49125,g/day,False
69.6969696969697,0.757074044023805,0.714760260060347,0.801892802610719,0.627834995729934,0.912916788698898,-0.27829421787913,2,0.105213938228705,0,23.49125,g/day,False
70.7070707070707,0.757074053712722,0.714760271098192,0.801892810752313,0.627835009169254,0.912916792523908,-0.278294205081284,2,0.105213938228705,0,23.49125,g/day,False
71.7171717171717,0.75707406340164,0.714760282136036,0.801892818893907,0.627835022608574,0.912916796348917,-0.278294192283438,2,0.105213938228705,0,23.49125,g/day,False
72.7272727272727,0.757074073090557,0.714760293173881,0.8018928270355,0.627835036047894,0.912916800173927,-0.278294179485592,2,0.105213938228705,0,23.49125,g/day,False
73.7373737373737,0.757074082779474,0.714760304211725,0.801892835177094,0.627835049487214,0.912916803998937,-0.278294166687746,2,0.105213938228705,0,23.49125,g/day,False
74.7474747474748,0.757074092468392,0.71476031524957,0.801892843318688,0.627835062926535,0.912916807823946,-0.2782941538899,2,0.105213938228705,0,23.49125,g/day,False
75.7575757575758,0.757074102157309,0.714760326287414,0.801892851460281,0.627835076365856,0.912916811648956,-0.278294141092054,2,0.105213938228705,0,23.49125,g/day,False
76.7676767676768,0.757074111846226,0.714760337325259,0.801892859601875,0.627835089805176,0.912916815473965,-0.278294128294209,2,0.105213938228705,0,23.49125,g/day,False
77.7777777777778,0.757074121535144,0.714760348363103,0.801892867743469,0.627835103244497,0.912916819298975,-0.278294115496364,2,0.105213938228705,0,23.49125,g/day,False
78.7878787878788,0.757074131224061,0.714760359400948,0.801892875885062,0.627835116683818,0.912916823123984,-0.278294102698519,2,0.105213938228705,0,23.49125,g/day,False
79.7979797979798,0.757074140912978,0.714760370438792,0.801892884026656,0.627835130123138,0.912916826948994,-0.278294089900675,2,0.105213938228705,0,23.49125,g/day,False
80.8080808080808,0.757074150601896,0.714760381476637,0.801892892168249,0.627835143562459,0.912916830774003,-0.27829407710283,2,0.105213938228705,0,23.49125,g/day,False
81.8181818181818,0.757074160290813,0.714760392514482,0.801892900309843,0.627835157001781,0.912916834599012,-0.278294064304985,2,0.105213938228705,0,23.49125,g/day,False
82.8282828282828,0.75707416997973,0.714760403552327,0.801892908451436,0.627835170441102,0.912916838424022,-0.278294051507141,2,0.105213938228705,0,23.49125,g/day,False
83.8383838383838,0.757074179668647,0.714760414590171,0.80189291659303,0.627835183880423,0.912916842249031,-0.278294038709297,2,0.105213938228705,0,23.49125,g/day,False
84.8484848484849,0.757074189357565,0.714760425628016,0.801892924734623,0.627835197319745,0.91291684607404,-0.278294025911453,2,0.105213938228705,0,23.49125,g/day,False
85.8585858585859,0.757074199046482,0.714760436665861,0.801892932876217,0.627835210759067,0.912916849899049,-0.278294013113609,2,0.105213938228705,0,23.49125,g/day,False
86.8686868686869,0.7570742087354,0.714760447703706,0.80189294101781,0.627835224198388,0.912916853724058,-0.278294000315765,2,0.105213938228705,0,23.49125,g/day,False
87.8787878787879,0.757074218424317,0.714760458741551,0.801892949159403,0.62783523763771,0.912916857549067,-0.278293987517922,2,0.105213938228705,0,23.49125,g/day,False
88.8888888888889,0.757074228113234,0.714760469779396,0.801892957300996,0.627835251077032,0.912916861374076,-0.278293974720079,2,0.105213938228705,0,23.49125,g/day,False
89.8989898989899,0.757074237802151,0.71476048081724,0.80189296544259,0.627835264516354,0.912916865199085,-0.278293961922236,2,0.105213938228705,0,23.49125,g/day,False
90.9090909090909,0.757074247491068,0.714760491855085,0.801892973584183,0.627835277955676,0.912916869024094,-0.278293949124393,2,0.105213938228705,0,23.49125,g/day,False
91.9191919191919,0.757074257179985,0.71476050289293,0.801892981725776,0.627835291394997,0.912916872849103,-0.27829393632655,2,0.105213938228705,0,23.49125,g/day,False
92.9292929292929,0.757074266868903,0.714760513930775,0.801892989867369,0.62783530483432,0.912916876674112,-0.278293923528707,2,0.105213938228705,0,23.49125,g/day,False
93.939393939394,0.75707427655782,0.71476052496862,0.801892998008963,0.627835318273642,0.912916880499121,-0.278293910730865,2,0.105213938228705,0,23.49125,g/day,False
94.949494949495,0.757074286246737,0.714760536006465,0.801893006150556,0.627835331712965,0.91291688432413,-0.278293897933023,2,0.105213938228705,0,23.49125,g/day,False
95.959595959596,0.757074295935655,0.71476054704431,0.801893014292149,0.627835345152288,0.912916888149139,-0.27829388513518,2,0.105213938228705,0,23.49125,g/day,False
96.969696969697,0.757074305624572,0.714760558082155,0.801893022433742,0.62783535859161,0.912916891974147,-0.278293872337339,2,0.105213938228705,0,23.49125,g/day,False
97.979797979798,0.757074315313489,0.71476056912,0.801893030575335,0.627835372030933,0.912916895799156,-0.278293859539497,2,0.105213938228705,0,23.49125,g/day,False
98.989898989899,0.757074325002406,0.714760580157845,0.801893038716928,0.627835385470256,0.912916899624165,-0.278293846741656,2,0.105213938228705,0,23.49125,g/day,False
100,0.757074334691323,0.71476059119569,0.801893046858521,0.627835398909579,0.912916903449173,-0.278293833943814,2,0.105213938228705,0,23.49125,g/day,False
