age,qx,lx,dx,Lx,Tx,ex
0,0.00513220252469182,100000,513.2202758789062,99555.0390625,8107991,81.07991027832031
1,0.00039425151771865785,99486.78125,39.22281265258789,99467.171875,8008436,80.49748992919922
2,0.0002320504718227312,99447.5546875,23.076852798461914,99436.015625,7908969,79.52904510498047
3,0.00018716472550295293,99424.4765625,18.608755111694336,99415.171875,7809533,78.5473861694336
4,0.0001418219180777669,99405.8671875,14.097930908203125,99398.8125,7710117.5,77.56199645996094
5,0.00013252993812784553,99391.765625,13.172384262084961,99385.1796875,7610719,76.57292938232422
6,0.0001192031049868092,99378.59375,11.846237182617188,99372.671875,7511333.5,75.58301544189453
7,0.00010997791832778603,99366.75,10.92814826965332,99361.28125,7411961,74.59196472167969
8,0.00010299775749444962,99355.8203125,10.233427047729492,99350.703125,7312599.5,73.60011291503906
9,9.823287837207317e-05,99345.5859375,9.759002685546875,99340.703125,7213249,72.6076431274414
10,9.755337669048458e-05,99335.828125,9.690545082092285,99330.984375,7113908,71.6147232055664
11,0.00010447225213283673,99326.140625,10.376825332641602,99320.953125,7014577.5,70.62166595458984
12,0.00012305172276683152,99315.765625,12.220975875854492,99309.65625,6915256.5,69.62899017333984
13,0.0001549614389659837,99303.546875,15.38822078704834,99295.8515625,6815946.5,68.63748931884766
14,0.00019603493274189532,99288.15625,19.463947296142578,99278.421875,6716651,67.64805603027344
15,0.00024142001348081976,99268.6953125,23.965450286865234,99256.7109375,6617372.5,66.66122436523438
16,0.0002860470849554986,99244.7265625,28.38866424560547,99230.53125,6518115.5,65.67720031738281
17,0.00032819059561006725,99216.3359375,32.561866760253906,99200.0546875,6418885,64.69584655761719
18,0.0003663991519715637,99183.7734375,36.340850830078125,99165.6015625,6319685,63.716922760009766
19,0.0004024628724437207,99147.4296875,39.903160095214844,99127.4765625,6220519.5,62.74009704589844
20,0.00044258308480493724,99107.5234375,43.863311767578125,99085.59375,6121392,61.765159606933594
21,0.0004855399311054498,99063.65625,48.099361419677734,99039.609375,6022306.5,60.79228973388672
22,0.000523971626535058,99015.5546875,51.88134002685547,98989.609375,5923267,59.82157897949219
23,0.0005554442177526653,98963.671875,54.96879959106445,98936.1875,5824277,58.85267639160156
24,0.0005831761518493295,98908.703125,57.68119812011719,98879.859375,5725341,57.885108947753906
25,0.000608617439866066,98851.0234375,60.16245651245117,98820.9375,5626461,56.9185905456543
26,0.0006400761776603758,98790.859375,63.23367691040039,98759.2421875,5527640,55.95294952392578
27,0.0006854383391328156,98727.625,67.67169952392578,98693.7890625,5428881,54.988468170166016
28,0.0007480932981707156,98659.953125,73.80684661865234,98623.046875,5330187,54.025840759277344
29,0.0008213070104829967,98586.1484375,80.96949768066406,98545.6640625,5231564,53.065914154052734
30,0.0008984057349152863,98505.1796875,88.49761962890625,98460.9296875,5133018.5,52.10912322998047
31,0.0009711415623314679,98416.6796875,95.57653045654297,98368.890625,5034557.5,51.1555290222168
32,0.001036842237226665,98321.1015625,101.94347381591797,98270.125,4936188.5,50.20477294921875
33,0.0010944920359179378,98219.15625,107.50008392333984,98165.40625,4837918.5,49.25636291503906
34,0.0011493908241391182,98111.65625,112.76863861083984,98055.2734375,4739753,48.309783935546875
35,0.001205670298077166,97998.890625,118.15435028076172,97939.8125,4641698,47.364803314208984
36,0.0012702574022114277,97880.734375,124.33372497558594,97818.5625,4543758,46.42137145996094
37,0.0013479754561558366,97756.3984375,131.77322387695312,97690.515625,4445939.5,45.47977828979492
38,0.0014410478761419654,97624.625,140.6817626953125,97554.28125,4348249,44.54049301147461
39,0.0015444846358150244,97483.9453125,150.5624542236328,97408.6640625,4250694.5,43.60404586791992
40,0.001660401001572609,97333.3828125,161.61244201660156,97252.578125,4153286,42.67072677612305
41,0.0017779271584004164,97171.7734375,172.7643280029297,97085.390625,4056033.5,41.74085998535156
42,0.0018833308713510633,96999.0078125,182.6812286376953,96907.671875,3958948,40.81431579589844
43,0.001972505822777748,96816.328125,190.97076416015625,96720.84375,3862040.25,39.890380859375
44,0.0020572016946971416,96625.359375,198.77784729003906,96525.96875,3765319.5,38.968231201171875
45,0.0021533630788326263,96426.578125,207.6414337158203,96322.7578125,3668793.5,38.04753494262695
46,0.0022773847449570894,96218.9375,219.12753295898438,96109.375,3572470.75,37.128562927246094
47,0.0024328995496034622,95999.8125,233.5579071044922,95883.03125,3476361.5,36.2121696472168
48,0.00262080249376595,95766.2578125,250.9844512939453,95640.765625,3380478.5,35.29926300048828
49,0.0028321221470832825,95515.2734375,270.51092529296875,95380.015625,3284837.5,34.39070510864258
50,0.003062301781028509,95244.765625,291.668212890625,95098.9296875,3189457.5,33.48695755004883
51,0.0033086587209254503,94953.09375,314.1673889160156,94796.015625,3094358.75,32.588287353515625
52,0.003571700304746628,94638.9296875,338.0218811035156,94469.921875,2999562.75,31.694808959960938
53,0.0038584338035434484,94300.90625,363.8537902832031,94118.984375,2905092.75,30.806625366210938
54,0.004178944509476423,93937.0546875,392.5577392578125,93740.78125,2810973.75,29.924015045166016
55,0.0045193214900791645,93544.5,422.7576599121094,93333.125,2717233,29.0474910736084
56,0.0048972805961966515,93121.7421875,456.0433044433594,92893.71875,2623899.75,28.17708969116211
57,0.00534760020673275,92665.6953125,495.5390930175781,92417.921875,2531006,27.31330108642578
58,0.00587276928126812,92170.15625,541.2940673828125,91899.5078125,2438588.25,26.457460403442383
59,0.006442996207624674,91628.859375,590.3643798828125,91333.671875,2346688.75,25.610803604125977
60,0.0070336973294615746,91038.4921875,640.3372192382812,90718.328125,2255355,24.77364158630371
61,0.007624829653650522,90398.15625,689.2705688476562,90053.515625,2164636.75,23.945585250854492
62,0.008215990848839283,89708.8828125,737.04736328125,89340.359375,2074583.125,23.1257266998291
63,0.008815999142825603,88971.8359375,784.3756103515625,88579.6484375,1985242.875,22.313159942626953
64,0.009448322467505932,88187.4609375,833.2235717773438,87770.84375,1896663.125,21.50717544555664
65,0.010134931653738022,87354.234375,885.3292236328125,86911.5703125,1808892.375,20.707551956176758
66,0.010960759595036507,86468.90625,947.764892578125,85995.0234375,1721980.75,19.91444969177246
67,0.011781944893300533,85521.140625,1007.6053466796875,85017.34375,1635985.75,19.129606246948242
68,0.012696272693574429,84513.5390625,1073.0069580078125,83977.03125,1550968.375,18.351715087890625
69,0.01372779905796051,83440.53125,1145.454833984375,82867.8046875,1466991.375,17.581279754638672
70,0.014755056239664555,82295.078125,1214.2685546875,81687.9453125,1384123.5,16.81903076171875
71,0.0160662978887558,81080.8125,1302.66845703125,80429.4765625,1302435.625,16.063425064086914
72,0.017523903399705887,79778.140625,1398.0244140625,79079.125,1222006.125,15.31755542755127
73,0.01929900050163269,78380.1171875,1512.657958984375,77623.7890625,1142927,14.58184814453125
74,0.021325798705220222,76867.4609375,1639.260009765625,76047.828125,1065303.25,13.858962059020996
75,0.02371167577803135,75228.203125,1783.7867431640625,74336.3125,989255.375,13.150059700012207
76,0.02591443806886673,73444.4140625,1903.270751953125,72492.78125,914919.0625,12.45729923248291
77,0.029447024688124657,71541.140625,2106.673828125,70487.8046875,842426.3125,11.775410652160645
78,0.032419636845588684,69434.46875,2251.040283203125,68308.953125,771938.5,11.117511749267578
79,0.03645043820142746,67183.4296875,2448.865478515625,65959,703629.5625,10.473260879516602
80,0.04049275815486908,64734.5625,2621.281005859375,63423.921875,637670.5625,9.850543022155762
81,0.04555739089846611,62113.28125,2829.718994140625,60698.421875,574246.625,9.245150566101074
82,0.05102470889687538,59283.5625,3024.926513671875,57771.1015625,513548.1875,8.662572860717773
83,0.05690358579158783,56258.63671875,3201.318115234375,54657.9765625,455777.09375,8.101459503173828
84,0.06411832571029663,53057.3203125,3401.946533203125,51356.34765625,401119.125,7.5601091384887695
85,0.07093130052089691,49655.375,3522.120361328125,47894.3125,349762.75,7.04380464553833
86,0.08025331795215607,46133.25390625,3702.3466796875,44282.078125,301868.4375,6.543402194976807
87,0.09061412513256073,42430.90625,3844.83935546875,40508.484375,257586.375,6.070725440979004
88,0.10207968950271606,38586.06640625,3938.853759765625,36616.640625,217077.890625,5.625810146331787
89,0.11470712721347809,34647.2109375,3974.281982421875,32660.0703125,180461.25,5.208536148071289
90,0.12854096293449402,30672.9296875,3942.72802734375,28701.56640625,147801.171875,4.818619251251221
91,0.14360910654067993,26730.201171875,3838.7001953125,24810.8515625,119099.609375,4.455619812011719
92,0.1599186807870865,22891.5,3660.778564453125,21061.109375,94288.7578125,4.118941783905029
93,0.17745211720466614,19230.720703125,3412.531982421875,17524.455078125,73227.6484375,3.807847261428833
94,0.19616375863552094,15818.1884765625,3102.955322265625,14266.7109375,55703.1953125,3.5214648246765137
95,0.21597741544246674,12715.2333984375,2746.203125,11342.1318359375,41436.484375,3.2588064670562744
96,0.2367851883172989,9969.0302734375,2360.518798828125,8788.771484375,30094.353515625,3.018784523010254
97,0.25844806432724,7608.51171875,1966.4051513671875,6625.30908203125,21305.58203125,2.800229787826538
98,0.2807982265949249,5642.1064453125,1584.29345703125,4849.9599609375,14680.2724609375,2.6019134521484375
99,0.3036435544490814,4057.81298828125,1232.1287841796875,3441.74853515625,9830.3125,2.4225642681121826
100,1,2825.68408203125,2825.68408203125,6388.56396484375,6388.56396484375,2.2608911991119385
