key,fdc_id,description,food_class,ndb_number,energy_kcal,fat_g,sfa_g,mufa_g,pufa_g,ala_g,ala_basis,la_g,la_basis,fiber_g,protein_g,magnesium_mg,vitamin_e_mg,selenium_ug,fa_18_3_total_g,fa_18_3_n3_ccc_g,fa_18_2_total_g,fa_18_2_n6_cc_g,source_url,raw_sha256
walnut,170187,"Nuts, walnuts, english",FinalFood,12155,654.0,65.2,6.13,8.93,47.2,9.08,"18:3 undifferentiated (all isomers), nutrient 619",38.1,"18:2 undifferentiated (all isomers), nutrient 618",6.7,15.2,158.0,0.7,4.9,9.08,,38.1,,https://fdc.nal.usda.gov/portal-data/external/170187,7dcc05bcb55398d23274fe563cd99efe37538ce8119f03c45c8c111d50c9a859
almond,170567,"Nuts, almonds",FinalFood,12061,579.0,49.9,3.8,31.6,12.3,0.003,"18:3 n-3 c,c,c (ALA), nutrient 851",12.3,"18:2 n-6 c,c (LA), nutrient 675",12.5,21.2,270.0,25.6,4.1,0.003,0.003,12.3,12.3,https://fdc.nal.usda.gov/portal-data/external/170567,0e9113cd55d8d10c066508ceda05b632938da1ed6a1ed72a717bc0751eff47d6
almond_blanched,170568,"Nuts, almonds, blanched",FinalFood,12062,590.0,52.5,3.95,33.4,12.4,0.004,"18:3 undifferentiated (all isomers), nutrient 619",12.4,"18:2 undifferentiated (all isomers), nutrient 618",9.9,21.4,268.0,23.8,3.2,0.004,,12.4,,https://fdc.nal.usda.gov/portal-data/external/170568,0e9a9e9da3c6485789a26dfaf0ac576b98a3185e3f73997e301ae84608d64e7b
pistachio,170184,"Nuts, pistachio nuts, raw",FinalFood,12151,560.0,45.3,5.91,23.3,14.4,0.289,"18:3 undifferentiated (all isomers), nutrient 619",14.1,"18:2 n-6 c,c (LA), nutrient 675",10.6,20.2,121.0,2.86,7.0,0.289,,14.1,14.1,https://fdc.nal.usda.gov/portal-data/external/170184,78c1d2f7096527b6e1216dc02bce8c5dc2e563ea658eaa902af2b48c61c6e7b2
pecan,170182,"Nuts, pecans",FinalFood,12142,691.0,72.0,6.18,40.8,21.6,0.986,"18:3 undifferentiated (all isomers), nutrient 619",20.6,"18:2 undifferentiated (all isomers), nutrient 618",9.6,9.17,121.0,1.4,3.8,0.986,,20.6,,https://fdc.nal.usda.gov/portal-data/external/170182,974bd63b94f2bcfeaea898b1ad31a747820fce5f9b95cd2ca44f3131e4d94f3c
macadamia,170178,"Nuts, macadamia nuts, raw",FinalFood,12131,718.0,75.8,12.1,58.9,1.5,0.206,"18:3 undifferentiated (all isomers), nutrient 619",1.3,"18:2 undifferentiated (all isomers), nutrient 618",8.6,7.91,130.0,0.54,3.6,0.206,,1.3,,https://fdc.nal.usda.gov/portal-data/external/170178,b8e094996631be04da4b76e85e5d798e18c26d110cdfd83b0066b88f47e57e33
hazelnut,170581,"Nuts, hazelnuts or filberts",FinalFood,12120,628.0,60.8,4.46,45.7,7.92,0.087,"18:3 undifferentiated (all isomers), nutrient 619",7.83,"18:2 undifferentiated (all isomers), nutrient 618",9.7,15.0,163.0,15.0,2.4,0.087,,7.83,,https://fdc.nal.usda.gov/portal-data/external/170581,3b34d6a143612852460a4664af5caf33717f6ec34330ba67f97682e6d908ecbf
cashew,170162,"Nuts, cashew nuts, raw",FinalFood,12087,553.0,43.8,7.78,23.8,7.84,0.062,"18:3 undifferentiated (all isomers), nutrient 619",7.78,"18:2 undifferentiated (all isomers), nutrient 618",3.3,18.2,292.0,0.9,19.9,0.062,,7.78,,https://fdc.nal.usda.gov/portal-data/external/170162,ea293134616e1866d0eb0b75e68bb34b07af8f930d88b44b73ca487088c0b953
peanut,172430,"Peanuts, all types, raw",FinalFood,16087,567.0,49.2,6.28,24.4,15.6,0.003,"18:3 undifferentiated (all isomers), nutrient 619",15.6,"18:2 undifferentiated (all isomers), nutrient 618",8.5,25.8,168.0,8.33,7.2,0.003,,15.6,,https://fdc.nal.usda.gov/portal-data/external/172430,0935899fc3a802a0726a52ec7ff4b4dbcf114cbda14877c54a9634727e81e42f
brazil_nut,170569,"Nuts, brazilnuts, dried, unblanched",FinalFood,12078,659.0,67.1,16.1,23.9,24.4,0.018,"18:3 n-3 c,c,c (ALA), nutrient 851",23.9,"18:2 n-6 c,c (LA), nutrient 675",7.5,14.3,376.0,5.65,1920.0,0.036,0.018,24.4,23.9,https://fdc.nal.usda.gov/portal-data/external/170569,03d059fe4e114f908b5af7d6933525b989008ebaea4f5b9263f53669bd878ffd
flaxseed,169414,"Seeds, flaxseed",FinalFood,12220,534.0,42.2,3.66,7.53,28.7,22.8,"18:3 undifferentiated (all isomers), nutrient 619",5.9,"18:2 undifferentiated (all isomers), nutrient 618",27.3,18.3,392.0,0.31,25.4,22.8,,5.9,,https://fdc.nal.usda.gov/portal-data/external/169414,5c4efac7f704253b1c12ad8d6afe0571e02ee66ee47b30bcdcfaa8573519a5b0
chia,170554,"Seeds, chia seeds, dried",FinalFood,12006,486.0,30.7,3.33,2.31,23.7,17.8,"18:3 n-3 c,c,c (ALA), nutrient 851",5.84,"18:2 n-6 c,c (LA), nutrient 675",34.4,16.5,335.0,0.5,55.2,17.8,17.8,5.84,5.84,https://fdc.nal.usda.gov/portal-data/external/170554,204d547984a0f8e31d78e677136a1a0825920a04087476b81659da38543fd4ab
