topic,outcome,rrr,ci_low,ci_high,cohort_rr,rct_rr,source_locator
alpha-linolenic acid,RCT: cardiovascular disease; cohorts: cardiovascular disease,1.02,0.87,1.20,0.93,0.95,Supplementary Figure 9 intake v intake row 1 (Abdelhamid 2018a + Pan 2012); RRs: Supplementary Table 5
alpha-linolenic acid,RCT: cardiovascular mortality; cohorts: coronary heart disease mortality,1.13,0.85,1.51,0.85,0.96,Supplementary Figure 9 intake v intake row 2 (Abdelhamid 2018a + Wei 2018); RRs: Supplementary Table 5
alpha-linolenic acid,RCT: coronary heart disease; cohorts: coronary heart disease,1.10,0.89,1.35,0.91,1.00,Supplementary Figure 9 intake v intake row 3 (Abdelhamid 2018a + Wei 2018); RRs: Supplementary Table 5
polyunsaturated fat,RCT: major cardiovascular events; cohorts: cardiovascular disease,0.87,0.61,1.24,0.97,0.84,Supplementary Figure 9 intake v intake row 4 (Abdelhamid 2018b + Zhu 2019); RRs: Supplementary Table 5
low sodium,RCT: all-cause mortality; cohorts: all-cause mortality,1.01,0.73,1.40,0.95,0.96,Supplementary Figure 9 intake v intake row 5 (Adler 2014 + Aburto 2013); RRs: Supplementary Table 5
low sodium,RCT: cardiovascular mortality; cohorts: cardiovascular mortality,0.77,0.46,1.28,0.87,0.67,Supplementary Figure 9 intake v intake row 6 (Adler 2014 + Aburto 2013); RRs: Supplementary Table 5
low sodium,RCT: cardiovascular disease; cohorts: cardiovascular disease,0.87,0.57,1.33,0.87,0.76,Supplementary Figure 9 intake v intake row 7 (Adler 2014 + Aburto 2013); RRs: Supplementary Table 5
healthy diet (RCT) v diet quality (cohorts),RCT: type 2 diabetes; cohorts: type 2 diabetes,0.79,0.63,0.99,0.82,0.65,Supplementary Figure 9 intake v intake row 8 (Hemmingsen 2017 + Schwingshackl 2018); RRs: Supplementary Table 5
healthy diet (RCT) v diet quality (cohorts),RCT: all-cause mortality; cohorts: all-cause mortality,1.31,0.27,6.37,0.78,1.02,Supplementary Figure 9 intake v intake row 9 (Hemmingsen 2017 + Schwingshackl 2018); RRs: Supplementary Table 5
low saturated fat,RCT: all-cause mortality; cohorts: all-cause mortality,0.96,0.85,1.08,1.01,0.97,Supplementary Figure 9 intake v intake row 10 (Hooper 2015b + de Souza 2015); RRs: Supplementary Table 5; cohort RR >= 1 group per Supplementary Figure 4
low saturated fat,RCT: cardiovascular mortality; cohorts: cardiovascular mortality,0.92,0.74,1.15,1.03,0.95,Supplementary Figure 9 intake v intake row 11 (Hooper 2015b + de Souza 2015); RRs: Supplementary Table 5; cohort RR >= 1 group per Supplementary Figure 4
low saturated fat,RCT: combined cardiovascular events; cohorts: coronary heart disease,0.88,0.74,1.06,0.94,0.83,Supplementary Figure 9 intake v intake row 12 (Hooper 2015b + de Souza 2015); RRs: Supplementary Table 5
total flavonoids,RCT: colorectal adenoma; cohorts: colorectal cancer,1.09,0.83,1.43,1.00,1.09,Supplementary Figure 9 intake v intake row 13 (Jin 2012 + Jin 2012); RRs: Supplementary Table 5; cohort RR >= 1 group per Supplementary Figure 4
isoflavonoids,RCT: colorectal adenoma; cohorts: colorectal cancer,0.84,0.65,1.09,1.16,0.98,Supplementary Figure 9 intake v intake row 14 (Jin 2012 + Jin 2012; figure spells it Isoflavonoes); RRs: Supplementary Table 5; cohort RR >= 1 group per Supplementary Figure 4
flavonols,RCT: colorectal adenoma; cohorts: colorectal cancer,0.99,0.80,1.22,0.95,0.94,Supplementary Figure 9 intake v intake row 15 (Jin 2012 + Jin 2012); RRs: Supplementary Table 5
Mediterranean diet,RCT: cardiovascular mortality; cohorts: cardiovascular mortality,1.27,0.81,2.00,0.73,0.93,Supplementary Figure 9 intake v intake row 16 (Rees 2019 + Rosato 2019); RRs: Supplementary Table 5; RCT RR is the count-based RR of Supplementary Table 2 (reported HR 0.81)
Mediterranean diet,RCT: combined cardiovascular events; cohorts: cardiovascular disease,1.00,0.78,1.28,0.81,0.81,Supplementary Figure 9 intake v intake row 17 (Rees 2019 + Rosato 2019); RRs: Supplementary Table 5; RCT RR is the count-based RR of Supplementary Table 2 (reported HR 0.70)
Mediterranean diet,RCT: all-cause mortality; cohorts: all-cause mortality,1.12,0.90,1.39,0.90,1.00,Supplementary Figure 9 intake v intake row 18 (Rees 2019 + Soltani 2019); RRs: Supplementary Table 5; RCT RR is the count-based RR of Supplementary Table 2 (reported HR 1.00); cohort RR is per 2-point score increment
healthy diet in pregnancy,RCT: preterm birth; cohorts: preterm birth,0.63,0.25,1.55,0.81,0.51,Supplementary Figure 9 intake v intake row 19 (Tieu 2017 + Chia 2019); RRs: Supplementary Table 5; cohort RR converted from OR 0.81 in Supplementary Table 2
healthy diet in pregnancy,RCT: small for gestational age; cohorts: small for gestational age,0.95,0.54,1.67,0.89,0.84,Supplementary Figure 9 intake v intake row 20 (Tieu 2017 + Chia 2019); RRs: Supplementary Table 5; cohort RR converted from OR 0.88 in Supplementary Table 2
healthy diet in pregnancy (RCT) v Mediterranean diet (cohorts),RCT: gestational diabetes; cohorts: gestational diabetes,0.82,0.47,1.42,0.74,0.60,Supplementary Figure 9 intake v intake row 21 (Tieu 2017 + Mijatovic-Vukas 2018); RRs: Supplementary Table 5; cohort RR converted from OR 0.70 in Supplementary Table 2
fibre,RCT: colorectal cancer; cohorts: colorectal cancer,3.07,1.21,7.78,0.88,2.70,Supplementary Figure 9 intake v intake row 22 (Yao 2017 + Aune 2011); RRs: Supplementary Table 5
fibre,RCT: colorectal adenoma; cohorts: colorectal adenoma,1.13,0.92,1.39,0.92,1.04,Supplementary Figure 9 intake v intake row 23 (Yao 2017 + Ben 2014); RRs: Supplementary Table 5
