year,sex,age_group_start,age_group_end,age_group_label,all_deaths,cvd_deaths,chd_deaths,stroke_deaths,cancer_deaths,cvd_share,chd_share,stroke_share,cancer_share,covid_deaths,covid_share
2023,female,0,0,Under 1 year,9038,167,4,42,18,0.018478,0.000443,0.004647,0.001992,25,0.002766
2023,female,1,4,1-4,1730,88,1,29,123,0.050867,0.000578,0.016763,0.071098,19,0.010983
2023,female,5,14,5-14,2487,135,5,45,424,0.054282,0.002010,0.018094,0.170487,20,0.008042
2023,female,15,24,15-24,9043,411,24,73,604,0.045450,0.002654,0.008073,0.066792,35,0.003870
2023,female,25,34,25-34,19616,1556,207,263,1732,0.079323,0.010553,0.013407,0.088295,101,0.005149
2023,female,35,44,35-44,35522,5099,1184,899,6368,0.143545,0.033331,0.025308,0.179269,232,0.006531
2023,female,45,54,45-54,61893,12374,4020,2221,17155,0.199926,0.064951,0.035885,0.277172,549,0.008870
2023,female,55,64,55-64,146890,33151,12774,5495,47672,0.225686,0.086963,0.037409,0.324542,1676,0.011410
2023,female,65,74,65-74,266363,66642,24693,12740,81517,0.250192,0.092704,0.047829,0.306037,3930,0.014754
2023,female,75,84,75-84,386472,112131,36529,25487,82956,0.290140,0.094519,0.065948,0.214649,6833,0.017680
2023,female,85,,85+,534800,201493,57808,44422,52690,0.376763,0.108093,0.083063,0.098523,10484,0.019604
2023,female,,,Age not stated,25,7,3,3,1,0.280000,0.120000,0.120000,0.040000,0,0.000000
2023,female,,,All ages,1473879,433254,137252,91719,291260,0.293955,0.093123,0.062230,0.197615,23904,0.016218
2023,male,0,0,Under 1 year,11107,189,10,38,29,0.017016,0.000900,0.003421,0.002611,34,0.003061
2023,male,1,4,1-4,2329,106,4,24,146,0.045513,0.001717,0.010305,0.062688,25,0.010734
2023,male,5,14,5-14,3518,166,6,58,426,0.047186,0.001706,0.016487,0.121092,30,0.008528
2023,male,15,24,15-24,24668,697,71,89,859,0.028255,0.002878,0.003608,0.034822,56,0.002270
2023,male,25,34,25-34,47833,3024,675,316,1771,0.063220,0.014112,0.006606,0.037025,147,0.003073
2023,male,35,44,35-44,69814,10123,3482,1158,4923,0.145000,0.049875,0.016587,0.070516,286,0.004097
2023,male,45,54,45-54,104880,27059,12112,3143,15712,0.258000,0.115484,0.029968,0.149809,587,0.005597
2023,male,55,64,55-64,229644,68626,33498,7930,54042,0.298836,0.145869,0.034532,0.235329,2012,0.008761
2023,male,65,74,65-74,361317,110767,53204,14928,99173,0.306565,0.147250,0.041316,0.274476,4964,0.013739
2023,male,75,84,75-84,411716,129437,57157,21338,94860,0.314384,0.138826,0.051827,0.230402,8584,0.020849
2023,male,85,,85+,350204,132514,51993,21898,50149,0.378391,0.148465,0.062529,0.143199,9302,0.026562
2023,male,,,Age not stated,55,11,6,0,2,0.200000,0.109091,0.000000,0.036364,1,0.018182
2023,male,,,All ages,1617085,482719,212218,70920,322092,0.298512,0.131235,0.043857,0.199181,26028,0.016096
2023,total,0,0,Under 1 year,20145,356,14,80,47,0.017672,0.000695,0.003971,0.002333,59,0.002929
2023,total,1,4,1-4,4059,194,5,53,269,0.047795,0.001232,0.013057,0.066272,44,0.010840
2023,total,5,14,5-14,6005,301,11,103,850,0.050125,0.001832,0.017152,0.141549,50,0.008326
2023,total,15,24,15-24,33711,1108,95,162,1463,0.032868,0.002818,0.004806,0.043398,91,0.002699
2023,total,25,34,25-34,67449,4580,882,579,3503,0.067903,0.013077,0.008584,0.051936,248,0.003677
2023,total,35,44,35-44,105336,15222,4666,2057,11291,0.144509,0.044296,0.019528,0.107190,518,0.004918
2023,total,45,54,45-54,166773,39433,16132,5364,32867,0.236447,0.096730,0.032163,0.197076,1136,0.006812
2023,total,55,64,55-64,376534,101777,46272,13425,101714,0.270300,0.122889,0.035654,0.270132,3688,0.009795
2023,total,65,74,65-74,627680,177409,77897,27668,180690,0.282642,0.124103,0.044080,0.287870,8894,0.014170
2023,total,75,84,75-84,798188,241568,93686,46825,177816,0.302645,0.117373,0.058664,0.222775,15417,0.019315
2023,total,85,,85+,885004,334007,109801,66320,102839,0.377407,0.124068,0.074938,0.116202,19786,0.022357
2023,total,,,Age not stated,80,18,9,3,3,0.225000,0.112500,0.037500,0.037500,1,0.012500
2023,total,,,All ages,3090964,915973,349470,162639,613352,0.296339,0.113062,0.052618,0.198434,49932,0.016154
