year,sex,age_group_start,age_group_end,age_group_label,all_deaths,cvd_deaths,chd_deaths,stroke_deaths,cancer_deaths,cvd_share,chd_share,stroke_share,cancer_share,covid_deaths,covid_share,external_deaths,external_share
2023,female,25,34,25-34,19616,1556,207,263,1732,0.079323,0.010553,0.013407,0.088295,101,0.005149,10684,0.544657
2023,female,35,44,35-44,35522,5099,1184,899,6368,0.143545,0.033331,0.025308,0.179269,232,0.006531,12702,0.357581
2023,female,45,54,45-54,61893,12374,4020,2221,17155,0.199926,0.064951,0.035885,0.277172,549,0.008870,11130,0.179826
2023,female,55,64,55-64,146890,33151,12774,5495,47672,0.225686,0.086963,0.037409,0.324542,1676,0.011410,12157,0.082763
2023,female,65,74,65-74,266363,66642,24693,12740,81517,0.250192,0.092704,0.047829,0.306037,3930,0.014754,9684,0.036356
2023,female,75,84,75-84,386472,112131,36529,25487,82956,0.290140,0.094519,0.065948,0.214649,6833,0.017680,11172,0.028908
2023,female,85,,85+,534800,201493,57808,44422,52690,0.376763,0.108093,0.083063,0.098523,10484,0.019604,16203,0.030297
2023,male,25,34,25-34,47833,3024,675,316,1771,0.063220,0.014112,0.006606,0.037025,147,0.003073,34973,0.731148
2023,male,35,44,35-44,69814,10123,3482,1158,4923,0.145000,0.049875,0.016587,0.070516,286,0.004097,37900,0.542871
2023,male,45,54,45-54,104880,27059,12112,3143,15712,0.258000,0.115484,0.029968,0.149809,587,0.005597,30892,0.294546
2023,male,55,64,55-64,229644,68626,33498,7930,54042,0.298836,0.145869,0.034532,0.235329,2012,0.008761,32652,0.142185
2023,male,65,74,65-74,361317,110767,53204,14928,99173,0.306565,0.147250,0.041316,0.274476,4964,0.013739,21851,0.060476
2023,male,75,84,75-84,411716,129437,57157,21338,94860,0.314384,0.138826,0.051827,0.230402,8584,0.020849,16549,0.040195
2023,male,85,,85+,350204,132514,51993,21898,50149,0.378391,0.148465,0.062529,0.143199,9302,0.026562,12855,0.036707
2023,total,25,34,25-34,67449,4580,882,579,3503,0.067903,0.013077,0.008584,0.051936,248,0.003677,45657,0.676911
2023,total,35,44,35-44,105336,15222,4666,2057,11291,0.144509,0.044296,0.019528,0.107190,518,0.004918,50602,0.480387
2023,total,45,54,45-54,166773,39433,16132,5364,32867,0.236447,0.096730,0.032163,0.197076,1136,0.006812,42022,0.251971
2023,total,55,64,55-64,376534,101777,46272,13425,101714,0.270300,0.122889,0.035654,0.270132,3688,0.009795,44809,0.119004
2023,total,65,74,65-74,627680,177409,77897,27668,180690,0.282642,0.124103,0.044080,0.287870,8894,0.014170,31535,0.050241
2023,total,75,84,75-84,798188,241568,93686,46825,177816,0.302645,0.117373,0.058664,0.222775,15417,0.019315,27721,0.034730
2023,total,85,,85+,885004,334007,109801,66320,102839,0.377407,0.124068,0.074938,0.116202,19786,0.022357,29058,0.032834
