row_id,nut,retailer,seller_type,brand,product_name,product_id,url,price_channel,location,retrieval_date,retrieved_at_utc,package_declared,package_g,units_in_pack,pack_kind,price_usd,price_per_kg_usd,shell,processing,salt,organic,in_stock,meets_spec,primary,retailer_unit_price,how_read,source_file,notes
nuts_com:english-walnut-halves-raw-no-shell:67345546248214,walnut,nuts.com,specialty_online,Nuts.com,"English Walnut Halves (Raw, No Shell) - 1lb bag",english-walnut-halves-raw-no-shell?variant=67345546248214,https://nuts.com/products/english-walnut-halves-raw-no-shell?variant=67345546248214,online (ships),"online, US",2026-09-23,2026-09-24T03:08:42Z,1lb bag,453.59,1,bag,11.99,26.43,shelled,raw,unsalted,false,true,true,true,75¢/oz,"Shopify product JSON (price in cents, net quantity, availability) fetched by scripts/fetch_prices.py",raw/nuts_com/english-walnut-halves-raw-no-shell.json,
nuts_com:english-walnut-halves-raw-no-shell:67345546313750,walnut,nuts.com,specialty_online,Nuts.com,"English Walnut Halves (Raw, No Shell) - 22lb case",english-walnut-halves-raw-no-shell?variant=67345546313750,https://nuts.com/products/english-walnut-halves-raw-no-shell?variant=67345546313750,online (ships),"online, US",2026-09-23,2026-09-24T03:08:42Z,22lb case,9979.03,1,case,211.00,21.14,shelled,raw,unsalted,false,true,true,false,60¢/oz,"Shopify product JSON (price in cents, net quantity, availability) fetched by scripts/fetch_prices.py",raw/nuts_com/english-walnut-halves-raw-no-shell.json,
nuts_com:english-walnuts-raw-no-shell:67345543430166,walnut,nuts.com,specialty_online,Nuts.com,"English Walnuts (Raw, No Shell) - 25lb case",english-walnuts-raw-no-shell?variant=67345543430166,https://nuts.com/products/english-walnuts-raw-no-shell?variant=67345543430166,online (ships),"online, US",2026-09-23,2026-09-24T03:08:42Z,25lb case,11339.81,1,case,279.53,24.65,shelled,raw,unsalted,false,true,true,false,70¢/oz,"Shopify product JSON (price in cents, net quantity, availability) fetched by scripts/fetch_prices.py",raw/nuts_com/english-walnuts-raw-no-shell.json,
nuts_com:english-walnut-halves-raw-no-shell:67345546280982,walnut,nuts.com,specialty_online,Nuts.com,"English Walnut Halves (Raw, No Shell) - 5lb bag",english-walnut-halves-raw-no-shell?variant=67345546280982,https://nuts.com/products/english-walnut-halves-raw-no-shell?variant=67345546280982,online (ships),"online, US",2026-09-23,2026-09-24T03:08:42Z,5lb bag,2267.96,1,bag,58.10,25.62,shelled,raw,unsalted,false,true,true,false,73¢/oz,"Shopify product JSON (price in cents, net quantity, availability) fetched by scripts/fetch_prices.py",raw/nuts_com/english-walnut-halves-raw-no-shell.json,
nuts_com:english-walnuts-raw-no-shell:67345543462934,walnut,nuts.com,specialty_online,Nuts.com,"English Walnuts (Raw, No Shell) - 40oz bag",english-walnuts-raw-no-shell?variant=67345543462934,https://nuts.com/products/english-walnuts-raw-no-shell?variant=67345543462934,online (ships),"online, US",2026-09-23,2026-09-24T03:08:42Z,40oz bag,1133.98,1,bag,29.99,26.45,shelled,raw,unsalted,false,true,true,false,75¢/oz,"Shopify product JSON (price in cents, net quantity, availability) fetched by scripts/fetch_prices.py",raw/nuts_com/english-walnuts-raw-no-shell.json,
nuts_com:english-walnuts-raw-no-shell:67345543397398,walnut,nuts.com,specialty_online,Nuts.com,"English Walnuts (Raw, No Shell) - 14oz bag",english-walnuts-raw-no-shell?variant=67345543397398,https://nuts.com/products/english-walnuts-raw-no-shell?variant=67345543397398,online (ships),"online, US",2026-09-23,2026-09-24T03:08:42Z,14oz bag,396.89,1,bag,11.99,30.21,shelled,raw,unsalted,false,true,true,false,86¢/oz,"Shopify product JSON (price in cents, net quantity, availability) fetched by scripts/fetch_prices.py",raw/nuts_com/english-walnuts-raw-no-shell.json,
nuts_com:english-walnuts-raw-no-shell:67345543495702,walnut,nuts.com,specialty_online,Nuts.com,"English Walnuts (Raw, No Shell) - 6oz bag",english-walnuts-raw-no-shell?variant=67345543495702,https://nuts.com/products/english-walnuts-raw-no-shell?variant=67345543495702,online (ships),"online, US",2026-09-23,2026-09-24T03:08:42Z,6oz bag,170.10,1,bag,5.99,35.22,shelled,raw,unsalted,false,true,true,false,100¢/oz,"Shopify product JSON (price in cents, net quantity, availability) fetched by scripts/fetch_prices.py",raw/nuts_com/english-walnuts-raw-no-shell.json,
walmart:939571964,walnut,Walmart,big_box,Great Value,"Great Value Walnuts Halves & Pieces, 32 oz",939571964,https://www.walmart.com/ip/939571964,walmart.com (online; ship or pickup),"ZIP 20001, store 3035 (picked by walmart.com from visitor IP)",2026-09-23,2026-09-24T02:50:46.369Z,32 oz,907.18,1,bag,18.78,20.70,shelled,not_stated,unsalted,false,true,true,true,58.7 ¢/oz,Browser capture with WALMART_CAPTURE_JS (scripted fetch refused or not run),raw/walmart/walmart_browser_capture_2026-09-23.json,Ingredients: walnuts; no roasting stated.
walmart:124188737,walnut,Walmart,big_box,Great Value,"Great Value Walnuts Halves & Pieces, 16 oz",124188737,https://www.walmart.com/ip/124188737,walmart.com (online; ship or pickup),"ZIP 20001, store 3035 (picked by walmart.com from visitor IP)",2026-09-23,2026-09-24T02:50:50.936Z,16 oz,453.59,1,bag,9.96,21.96,shelled,not_stated,unsalted,false,true,true,false,62.3 ¢/oz,Browser capture with WALMART_CAPTURE_JS (scripted fetch refused or not run),raw/walmart/walmart_browser_capture_2026-09-23.json,Ingredients: walnuts; no roasting stated.
costco:100119388:warehouse,walnut,Costco,warehouse_club,Kirkland Signature,"Kirkland Signature Walnut Halves, 3 lbs",100119388 (item 36285),https://www.costco.com/p/-/kirkland-signature-walnut-halves-3-lbs/100119388,in-warehouse,Washington DC warehouse,2026-09-23,2026-09-24T02:53:51.220Z,3 lbs,1360.78,1,bag,9.99,7.34,shelled,not_stated,not_stated,false,true,true,true,,Browser capture with COSTCO_CAPTURE_JS (warehouse price is rendered client-side),raw/costco/costco_browser_capture_2026-09-23.json,Page lists no ingredients and states neither roasting nor salt. Stock at warehouse: In Stock.
costco:100119388:online,walnut,Costco,warehouse_club,Kirkland Signature,"Kirkland Signature Walnut Halves, 3 lbs",100119388 (item 36285),https://www.costco.com/p/-/kirkland-signature-walnut-halves-3-lbs/100119388,costco.com 2-Day Delivery,delivery ZIP 20001,2026-09-23,2026-09-24T02:53:51.220Z,3 lbs,1360.78,1,bag,16.49,12.12,shelled,not_stated,not_stated,false,true,true,false,$5.50/per pound,Browser capture with COSTCO_CAPTURE_JS (warehouse price is rendered client-side),raw/costco/costco_browser_capture_2026-09-23.json,Page lists no ingredients and states neither roasting nor salt. Online price; a $3.00 delivery fee applies to 2-Day orders under $75 (not included).
target:95045089,walnut,Target,big_box,Good & Gather,Good & Gather Shelled Walnuts - 16oz,95045089,https://www.target.com/p/shelled-walnuts-16oz-good-38-gather-8482/-/A-95045089,target.com listing (online price),"store 2259 Columbia Heights, Washington DC",2026-09-23,2026-09-24T02:58:00Z,16 oz,453.59,1,bag,10.59,23.35,shelled,not_stated,unsalted,false,true,true,true,,Search-results listing text read in a browser; product pages blocked by a human-verification challenge (not attempted),raw/target/target_search_listing_2026-09-23.json,"Product page (read before the challenge appeared): ingredients walnuts, sodium 0 mg."
target:95045088,walnut,Target,big_box,Good & Gather,Good & Gather Chopped Walnuts - 16oz,95045088,https://www.target.com/p/chopped-walnuts-16oz-good-38-gather-8482/-/A-95045088,target.com listing (online price),"store 2259 Columbia Heights, Washington DC",2026-09-23,2026-09-24T02:58:00Z,16 oz,453.59,1,bag,10.59,23.35,shelled,not_stated,not_stated,false,true,true,false,,Search-results listing text read in a browser; product pages blocked by a human-verification challenge (not attempted),raw/target/target_search_listing_2026-09-23.json,Chopped.
nuts_com:dry-roasted-almonds-unsalted:71121142972438,almond,nuts.com,specialty_online,Nuts.com,Dry Roasted Almonds (Unsalted) - 40oz bag,dry-roasted-almonds-unsalted?variant=71121142972438,https://nuts.com/products/dry-roasted-almonds-unsalted?variant=71121142972438,online (ships),"online, US",2026-09-23,2026-09-24T03:08:44Z,40oz bag,1133.98,1,bag,24.99,22.04,shelled,dry_roasted,unsalted,false,true,true,true,62¢/oz,"Shopify product JSON (price in cents, net quantity, availability) fetched by scripts/fetch_prices.py",raw/nuts_com/dry-roasted-almonds-unsalted.json,
nuts_com:raw-almonds-no-shell:67345516199958,almond,nuts.com,specialty_online,Nuts.com,Raw Almonds (No Shell) - 25lb case,raw-almonds-no-shell?variant=67345516199958,https://nuts.com/products/raw-almonds-no-shell?variant=67345516199958,online (ships),"online, US",2026-09-23,2026-09-24T03:08:43Z,25lb case,11339.81,1,case,209.80,18.50,shelled,raw,unsalted,false,false,true,false,52¢/oz,"Shopify product JSON (price in cents, net quantity, availability) fetched by scripts/fetch_prices.py",raw/nuts_com/raw-almonds-no-shell.json,Product description says the almonds are pasteurized. Listed as unavailable (out of stock) on the retrieval date.
nuts_com:dry-roasted-almonds-unsalted:67356704604182,almond,nuts.com,specialty_online,Nuts.com,Dry Roasted Almonds (Unsalted) - 25lb case,dry-roasted-almonds-unsalted?variant=67356704604182,https://nuts.com/products/dry-roasted-almonds-unsalted?variant=67356704604182,online (ships),"online, US",2026-09-23,2026-09-24T03:08:44Z,25lb case,11339.81,1,case,226.39,19.96,shelled,dry_roasted,unsalted,false,true,true,false,57¢/oz,"Shopify product JSON (price in cents, net quantity, availability) fetched by scripts/fetch_prices.py",raw/nuts_com/dry-roasted-almonds-unsalted.json,
nuts_com:raw-almonds-no-shell:71853273055254,almond,nuts.com,specialty_online,Nuts.com,Raw Almonds (No Shell) - 40oz bag,raw-almonds-no-shell?variant=71853273055254,https://nuts.com/products/raw-almonds-no-shell?variant=71853273055254,online (ships),"online, US",2026-09-23,2026-09-24T03:08:43Z,40oz bag,1133.98,1,bag,22.99,20.27,shelled,raw,unsalted,false,false,true,false,57¢/oz,"Shopify product JSON (price in cents, net quantity, availability) fetched by scripts/fetch_prices.py",raw/nuts_com/raw-almonds-no-shell.json,Product description says the almonds are pasteurized. Listed as unavailable (out of stock) on the retrieval date.
nuts_com:raw-almonds-no-shell:71853273022486,almond,nuts.com,specialty_online,Nuts.com,Raw Almonds (No Shell) - 16oz bag,raw-almonds-no-shell?variant=71853273022486,https://nuts.com/products/raw-almonds-no-shell?variant=71853273022486,online (ships),"online, US",2026-09-23,2026-09-24T03:08:43Z,16oz bag,453.59,1,bag,10.49,23.13,shelled,raw,unsalted,false,false,true,false,66¢/oz,"Shopify product JSON (price in cents, net quantity, availability) fetched by scripts/fetch_prices.py",raw/nuts_com/raw-almonds-no-shell.json,Product description says the almonds are pasteurized. Listed as unavailable (out of stock) on the retrieval date.
nuts_com:dry-roasted-almonds-unsalted:71121142906902,almond,nuts.com,specialty_online,Nuts.com,Dry Roasted Almonds (Unsalted) - 16oz bag,dry-roasted-almonds-unsalted?variant=71121142906902,https://nuts.com/products/dry-roasted-almonds-unsalted?variant=71121142906902,online (ships),"online, US",2026-09-23,2026-09-24T03:08:44Z,16oz bag,453.59,1,bag,11.49,25.33,shelled,dry_roasted,unsalted,false,true,true,false,72¢/oz,"Shopify product JSON (price in cents, net quantity, availability) fetched by scripts/fetch_prices.py",raw/nuts_com/dry-roasted-almonds-unsalted.json,
nuts_com:raw-almonds-no-shell:71853272989718,almond,nuts.com,specialty_online,Nuts.com,Raw Almonds (No Shell) - 8oz bag,raw-almonds-no-shell?variant=71853272989718,https://nuts.com/products/raw-almonds-no-shell?variant=71853272989718,online (ships),"online, US",2026-09-23,2026-09-24T03:08:43Z,8oz bag,226.80,1,bag,6.49,28.62,shelled,raw,unsalted,false,false,true,false,81¢/oz,"Shopify product JSON (price in cents, net quantity, availability) fetched by scripts/fetch_prices.py",raw/nuts_com/raw-almonds-no-shell.json,Product description says the almonds are pasteurized. Listed as unavailable (out of stock) on the retrieval date.
nuts_com:dry-roasted-almonds-unsalted:71121142939670,almond,nuts.com,specialty_online,Nuts.com,Dry Roasted Almonds (Unsalted) - 8oz bag,dry-roasted-almonds-unsalted?variant=71121142939670,https://nuts.com/products/dry-roasted-almonds-unsalted?variant=71121142939670,online (ships),"online, US",2026-09-23,2026-09-24T03:08:44Z,8oz bag,226.80,1,bag,6.79,29.94,shelled,dry_roasted,unsalted,false,true,true,false,85¢/oz,"Shopify product JSON (price in cents, net quantity, availability) fetched by scripts/fetch_prices.py",raw/nuts_com/dry-roasted-almonds-unsalted.json,
walmart:5284690796,almond,Walmart,big_box,Great Value,"Great Value Natural Whole Almonds, 25 oz",5284690796,https://www.walmart.com/ip/5284690796,walmart.com (online; ship or pickup),"ZIP 20001, store 3035 (picked by walmart.com from visitor IP)",2026-09-23,2026-09-24T02:50:32.636Z,25 oz,708.74,1,bag,10.48,14.79,shelled,raw,unsalted,false,true,true,true,41.9 ¢/oz,Browser capture with WALMART_CAPTURE_JS (scripted fetch refused or not run),raw/walmart/walmart_browser_capture_2026-09-23.json,Name and flavor say Natural; ingredients: almonds.
walmart:5295229969,almond,Walmart,big_box,Great Value,"Great Value Whole Natural Almonds, 14 oz",5295229969,https://www.walmart.com/ip/5295229969,walmart.com (online; ship or pickup),"ZIP 20001, store 3035 (picked by walmart.com from visitor IP)",2026-09-23,2026-09-24T02:50:37.388Z,14 oz,396.89,1,bag,6.48,16.33,shelled,raw,unsalted,false,true,true,false,46.3 ¢/oz,Browser capture with WALMART_CAPTURE_JS (scripted fetch refused or not run),raw/walmart/walmart_browser_capture_2026-09-23.json,Name says Natural; ingredients: almonds.
walmart:834401337,almond,Walmart,big_box,Great Value,"Great Value Whole Almonds, 16 oz",834401337,https://www.walmart.com/ip/834401337,walmart.com (online; ship or pickup),"ZIP 20001, store 3035 (picked by walmart.com from visitor IP)",2026-09-23,2026-09-24T02:50:41.659Z,16 oz,453.59,1,bag,9.48,20.90,shelled,not_stated,unsalted,false,true,true,false,59.3 ¢/oz,Browser capture with WALMART_CAPTURE_JS (scripted fetch refused or not run),raw/walmart/walmart_browser_capture_2026-09-23.json,Ingredients: almonds; no roasting stated.
costco:100115268:warehouse,almond,Costco,warehouse_club,Kirkland Signature,"Kirkland Signature Supreme Whole Almonds, 3 lbs",100115268 (item 284601),https://www.costco.com/p/-/kirkland-signature-supreme-whole-almonds-3-lbs/100115268,in-warehouse,Washington DC warehouse,2026-09-23,2026-09-24T02:54:27.428Z,3 lbs,1360.78,1,bag,13.79,10.13,shelled,raw,not_stated,false,true,true,true,,Browser capture with COSTCO_CAPTURE_JS (warehouse price is rendered client-side),raw/costco/costco_browser_capture_2026-09-23.json,Page says steam pasteurized; no salt stated. Stock at warehouse: In Stock.
costco:100115268:online,almond,Costco,warehouse_club,Kirkland Signature,"Kirkland Signature Supreme Whole Almonds, 3 lbs",100115268 (item 284601),https://www.costco.com/p/-/kirkland-signature-supreme-whole-almonds-3-lbs/100115268,costco.com 2-Day Delivery,delivery ZIP 20001,2026-09-23,2026-09-24T02:54:27.428Z,3 lbs,1360.78,1,bag,14.99,11.02,shelled,raw,not_stated,false,true,true,false,$5.00/per pound,Browser capture with COSTCO_CAPTURE_JS (warehouse price is rendered client-side),raw/costco/costco_browser_capture_2026-09-23.json,Page says steam pasteurized; no salt stated. Online price; a $3.00 delivery fee applies to 2-Day orders under $75 (not included).
target:good-gather-raw-whole-almonds-32oz,almond,Target,big_box,Good & Gather,Good & Gather Raw Whole Almonds - 32oz,,https://www.target.com/s?searchTerm=good+and+gather+walnuts,target.com listing,"store 2259 Columbia Heights, Washington DC",2026-09-23,2026-09-24T02:58:00Z,32 oz,907.18,1,bag,14.29,15.75,shelled,raw,unsalted,false,true,true,true,$0.45/ounce,Search-results listing text read in a browser; product pages blocked by a human-verification challenge (not attempted),raw/target/target_search_listing_2026-09-23.json,Product URL not captured; url is the listing.
target:78099044,almond,Target,big_box,Good & Gather,Good & Gather Raw Whole Almonds - 10.5oz,78099044,https://www.target.com/p/raw-whole-almonds-10-5oz-good-38-gather-8482/-/A-78099044,target.com listing,"store 2259 Columbia Heights, Washington DC",2026-09-23,2026-09-24T02:58:00Z,10.5 oz,297.67,1,bag,5.79,19.45,shelled,raw,unsalted,false,true,true,false,$0.55/ounce,Search-results listing text read in a browser; product pages blocked by a human-verification challenge (not attempted),raw/target/target_search_listing_2026-09-23.json,
nuts_com:raw-pistachios-no-shell:67345526259734,pistachio,nuts.com,specialty_online,Nuts.com,Raw Pistachios (No shell) - 1lb bag,raw-pistachios-no-shell?variant=67345526259734,https://nuts.com/products/raw-pistachios-no-shell?variant=67345526259734,online (ships),"online, US",2026-09-23,2026-09-24T03:08:44Z,1lb bag,453.59,1,bag,17.99,39.66,shelled,raw,unsalted,false,true,true,true,112¢/oz,"Shopify product JSON (price in cents, net quantity, availability) fetched by scripts/fetch_prices.py",raw/nuts_com/raw-pistachios-no-shell.json,
nuts_com:raw-pistachios-no-shell:67345526226966,pistachio,nuts.com,specialty_online,Nuts.com,Raw Pistachios (No shell) - 30lb case,raw-pistachios-no-shell?variant=67345526226966,https://nuts.com/products/raw-pistachios-no-shell?variant=67345526226966,online (ships),"online, US",2026-09-23,2026-09-24T03:08:44Z,30lb case,13607.77,1,case,431.76,31.73,shelled,raw,unsalted,false,false,true,false,90¢/oz,"Shopify product JSON (price in cents, net quantity, availability) fetched by scripts/fetch_prices.py",raw/nuts_com/raw-pistachios-no-shell.json,Listed as unavailable (out of stock) on the retrieval date.
nuts_com:dry-roasted-pistachios-unsalted-no-shell:67356382265366,pistachio,nuts.com,specialty_online,Nuts.com,"Dry-Roasted Pistachios (Unsalted, No Shell) - 25lb case",dry-roasted-pistachios-unsalted-no-shell?variant=67356382265366,https://nuts.com/products/dry-roasted-pistachios-unsalted-no-shell?variant=67356382265366,online (ships),"online, US",2026-09-23,2026-09-24T03:08:45Z,25lb case,11339.81,1,case,399.80,35.26,shelled,dry_roasted,unsalted,false,true,true,false,100¢/oz,"Shopify product JSON (price in cents, net quantity, availability) fetched by scripts/fetch_prices.py",raw/nuts_com/dry-roasted-pistachios-unsalted-no-shell.json,
nuts_com:raw-pistachios-no-shell:67345526194198,pistachio,nuts.com,specialty_online,Nuts.com,Raw Pistachios (No shell) - 5lb bag,raw-pistachios-no-shell?variant=67345526194198,https://nuts.com/products/raw-pistachios-no-shell?variant=67345526194198,online (ships),"online, US",2026-09-23,2026-09-24T03:08:44Z,5lb bag,2267.96,1,bag,87.25,38.47,shelled,raw,unsalted,false,true,true,false,109¢/oz,"Shopify product JSON (price in cents, net quantity, availability) fetched by scripts/fetch_prices.py",raw/nuts_com/raw-pistachios-no-shell.json,
nuts_com:dry-roasted-pistachios-unsalted-no-shell:67356382330902,pistachio,nuts.com,specialty_online,Nuts.com,"Dry-Roasted Pistachios (Unsalted, No Shell) - 40oz bag",dry-roasted-pistachios-unsalted-no-shell?variant=67356382330902,https://nuts.com/products/dry-roasted-pistachios-unsalted-no-shell?variant=67356382330902,online (ships),"online, US",2026-09-23,2026-09-24T03:08:45Z,40oz bag,1133.98,1,bag,46.89,41.35,shelled,dry_roasted,unsalted,false,true,true,false,117¢/oz,"Shopify product JSON (price in cents, net quantity, availability) fetched by scripts/fetch_prices.py",raw/nuts_com/dry-roasted-pistachios-unsalted-no-shell.json,
nuts_com:raw-pistachios-no-shell:67345526161430,pistachio,nuts.com,specialty_online,Nuts.com,Raw Pistachios (No shell) - 8oz bag,raw-pistachios-no-shell?variant=67345526161430,https://nuts.com/products/raw-pistachios-no-shell?variant=67345526161430,online (ships),"online, US",2026-09-23,2026-09-24T03:08:44Z,8oz bag,226.80,1,bag,9.99,44.05,shelled,raw,unsalted,false,true,true,false,125¢/oz,"Shopify product JSON (price in cents, net quantity, availability) fetched by scripts/fetch_prices.py",raw/nuts_com/raw-pistachios-no-shell.json,
nuts_com:dry-roasted-pistachios-unsalted-no-shell:67356382232598,pistachio,nuts.com,specialty_online,Nuts.com,"Dry-Roasted Pistachios (Unsalted, No Shell) - 14oz bag",dry-roasted-pistachios-unsalted-no-shell?variant=67356382232598,https://nuts.com/products/dry-roasted-pistachios-unsalted-no-shell?variant=67356382232598,online (ships),"online, US",2026-09-23,2026-09-24T03:08:45Z,14oz bag,396.89,1,bag,17.49,44.07,shelled,dry_roasted,unsalted,false,true,true,false,125¢/oz,"Shopify product JSON (price in cents, net quantity, availability) fetched by scripts/fetch_prices.py",raw/nuts_com/dry-roasted-pistachios-unsalted-no-shell.json,
nuts_com:dry-roasted-pistachios-unsalted-no-shell:67356382298134,pistachio,nuts.com,specialty_online,Nuts.com,"Dry-Roasted Pistachios (Unsalted, No Shell) - 6oz bag",dry-roasted-pistachios-unsalted-no-shell?variant=67356382298134,https://nuts.com/products/dry-roasted-pistachios-unsalted-no-shell?variant=67356382298134,online (ships),"online, US",2026-09-23,2026-09-24T03:08:45Z,6oz bag,170.10,1,bag,9.39,55.20,shelled,dry_roasted,unsalted,false,true,true,false,157¢/oz,"Shopify product JSON (price in cents, net quantity, availability) fetched by scripts/fetch_prices.py",raw/nuts_com/dry-roasted-pistachios-unsalted-no-shell.json,
walmart:18267370359,pistachio,Walmart,big_box,Wonderful Pistachios,"Wonderful Pistachios No Shells Unsalted Nuts, 12 Ounce Bag",18267370359,https://www.walmart.com/ip/18267370359,walmart.com (online; ship or pickup),"ZIP 20001, store 3035 (picked by walmart.com from visitor IP)",2026-09-23,2026-09-24T02:51:39.479Z,12 oz,340.19,1,bag,11.94,35.10,shelled,dry_roasted,unsalted,false,true,true,true,99.5 ¢/oz,Browser capture with WALMART_CAPTURE_JS (scripted fetch refused or not run),raw/walmart/walmart_browser_capture_2026-09-23.json,Wonderful brand; ingredients: dry roasted pistachios. All Great Value shelled pistachios are salted.
costco:4000335971:online,pistachio,Costco,warehouse_club,Kirkland Signature,"Kirkland Signature In-shell Pistachios, Unsalted, 3 lbs",4000335971 (item 1792518),https://www.costco.com/p/-/kirkland-signature-in-shell-pistachios-unsalted-3-lbs/4000335971,costco.com 2-Day Delivery,delivery ZIP 20001,2026-09-23,2026-09-24T02:56:41.774Z,3 lbs,1360.78,1,bag,19.99,14.69,in_shell,roasted,unsalted,false,true,false,false,$6.66/per pound,Browser capture with COSTCO_CAPTURE_JS (warehouse price is rendered client-side),raw/costco/costco_browser_capture_2026-09-23.json,"In shell: price per kg is per kg of nuts in shell, not kernels. Online price; a $3.00 delivery fee applies to 2-Day orders under $75 (not included)."
costco:100350651:online,pistachio,Costco,warehouse_club,Kirkland Signature,"Kirkland Signature Shelled Pistachios, Salted, 1.5 lbs",100350651 (item 1076903),https://www.costco.com/p/-/kirkland-signature-shelled-pistachios-salted-15-lbs/100350651,costco.com 2-Day Delivery,delivery ZIP 20001,2026-09-23,2026-09-24T02:55:27.974Z,1.5 lbs,680.39,1,bag,20.99,30.85,shelled,roasted,salted,false,true,false,false,$13.99/per pound,Browser capture with COSTCO_CAPTURE_JS (warehouse price is rendered client-side),raw/costco/costco_browser_capture_2026-09-23.json,Roasted and salted. Online price; a $3.00 delivery fee applies to 2-Day orders under $75 (not included).
costco:4000435237:online,pistachio,Costco,warehouse_club,Yupik,"Yupik Organic Pistachio Kernels, 2.2 lbs, 2-pack",4000435237 (item 2033147),https://www.costco.com/p/-/yupik-organic-pistachio-kernels-22-lbs-2-pack/4000435237,costco.com 2-Day Delivery,delivery ZIP 20001,2026-09-23,2026-09-24T02:56:34.464Z,"2.2 lbs, 2-pack",1995.81,2,multipack,94.99,47.59,shelled,raw,unsalted,true,false,true,false,,Browser capture with COSTCO_CAPTURE_JS (warehouse price is rendered client-side),raw/costco/costco_browser_capture_2026-09-23.json,"Page describes the kernels as raw, organic and unsalted. Online only; out of stock; two 2.2 lb bags. Online price; a $3.00 delivery fee applies to 2-Day orders under $75 (not included)."
nuts_com:georgia-pecans-raw-no-shell:67345523834902,pecan,nuts.com,specialty_online,Nuts.com,"Georgia Pecans (Raw, No Shell) - 40oz bag",georgia-pecans-raw-no-shell?variant=67345523834902,https://nuts.com/products/georgia-pecans-raw-no-shell?variant=67345523834902,online (ships),"online, US",2026-09-23,2026-09-24T03:08:46Z,40oz bag,1133.98,1,bag,38.89,34.30,shelled,raw,unsalted,false,true,true,true,97¢/oz,"Shopify product JSON (price in cents, net quantity, availability) fetched by scripts/fetch_prices.py",raw/nuts_com/georgia-pecans-raw-no-shell.json,
nuts_com:georgia-pecans-raw-no-shell:67345523769366,pecan,nuts.com,specialty_online,Nuts.com,"Georgia Pecans (Raw, No Shell) - 30lb case",georgia-pecans-raw-no-shell?variant=67345523769366,https://nuts.com/products/georgia-pecans-raw-no-shell?variant=67345523769366,online (ships),"online, US",2026-09-23,2026-09-24T03:08:46Z,30lb case,13607.77,1,case,420.50,30.90,shelled,raw,unsalted,false,true,true,false,88¢/oz,"Shopify product JSON (price in cents, net quantity, availability) fetched by scripts/fetch_prices.py",raw/nuts_com/georgia-pecans-raw-no-shell.json,
nuts_com:georgia-pecans-raw-no-shell:67345523736598,pecan,nuts.com,specialty_online,Nuts.com,"Georgia Pecans (Raw, No Shell) - 14oz bag",georgia-pecans-raw-no-shell?variant=67345523736598,https://nuts.com/products/georgia-pecans-raw-no-shell?variant=67345523736598,online (ships),"online, US",2026-09-23,2026-09-24T03:08:46Z,14oz bag,396.89,1,bag,14.49,36.51,shelled,raw,unsalted,false,true,true,false,104¢/oz,"Shopify product JSON (price in cents, net quantity, availability) fetched by scripts/fetch_prices.py",raw/nuts_com/georgia-pecans-raw-no-shell.json,
nuts_com:georgia-pecans-raw-no-shell:67345523802134,pecan,nuts.com,specialty_online,Nuts.com,"Georgia Pecans (Raw, No Shell) - 6oz bag",georgia-pecans-raw-no-shell?variant=67345523802134,https://nuts.com/products/georgia-pecans-raw-no-shell?variant=67345523802134,online (ships),"online, US",2026-09-23,2026-09-24T03:08:46Z,6oz bag,170.10,1,bag,7.79,45.80,shelled,raw,unsalted,false,true,true,false,130¢/oz,"Shopify product JSON (price in cents, net quantity, availability) fetched by scripts/fetch_prices.py",raw/nuts_com/georgia-pecans-raw-no-shell.json,
walmart:327976708,pecan,Walmart,big_box,Great Value,"Great Value Pecan Halves, 32 oz",327976708,https://www.walmart.com/ip/327976708,walmart.com (online; ship or pickup),"ZIP 20001, store 3035 (picked by walmart.com from visitor IP)",2026-09-23,2026-09-24T02:51:32.241Z,32 oz,907.18,1,bag,22.27,24.55,shelled,not_stated,unsalted,false,true,true,true,69.6 ¢/oz,Browser capture with WALMART_CAPTURE_JS (scripted fetch refused or not run),raw/walmart/walmart_browser_capture_2026-09-23.json,Ingredients: pecans; no roasting stated.
walmart:604801898,pecan,Walmart,big_box,Great Value,"Great Value Pecan Halves, 16 oz",604801898,https://www.walmart.com/ip/604801898,walmart.com (online; ship or pickup),"ZIP 20001, store 3035 (picked by walmart.com from visitor IP)",2026-09-23,2026-09-24T03:00:39Z,16 oz,453.59,1,bag,12.97,28.59,shelled,not_stated,unsalted,false,true,true,false,81.1 ¢/oz,Page __NEXT_DATA__ JSON from a scripted fetch (raw HTML stored gzipped),raw/walmart/ip_604801898.html.gz,Ingredients: pecans; no roasting stated.
costco:100115257:warehouse,pecan,Costco,warehouse_club,Kirkland Signature,"Kirkland Signature Pecan Halves, 2 lbs",100115257 (item 203444),https://www.costco.com/p/-/kirkland-signature-pecan-halves-2-lbs/100115257,in-warehouse,Washington DC warehouse,2026-09-23,2026-09-24T02:54:32.364Z,2 lbs,907.18,1,bag,15.99,17.63,shelled,not_stated,not_stated,false,true,true,true,,Browser capture with COSTCO_CAPTURE_JS (warehouse price is rendered client-side),raw/costco/costco_browser_capture_2026-09-23.json,Page states neither roasting nor salt. Stock at warehouse: In Stock.
costco:100115257:online,pecan,Costco,warehouse_club,Kirkland Signature,"Kirkland Signature Pecan Halves, 2 lbs",100115257 (item 203444),https://www.costco.com/p/-/kirkland-signature-pecan-halves-2-lbs/100115257,costco.com 2-Day Delivery,delivery ZIP 20001,2026-09-23,2026-09-24T02:54:32.364Z,2 lbs,907.18,1,bag,17.99,19.83,shelled,not_stated,not_stated,false,true,true,false,$8.99/per pound,Browser capture with COSTCO_CAPTURE_JS (warehouse price is rendered client-side),raw/costco/costco_browser_capture_2026-09-23.json,Page states neither roasting nor salt. Online price; a $3.00 delivery fee applies to 2-Day orders under $75 (not included).
nuts_com:raw-hazelnuts-filberts-no-shell:67345522262038,hazelnut,nuts.com,specialty_online,Nuts.com,Raw Hazelnuts / Filberts (No Shell) - 1lb bag,raw-hazelnuts-filberts-no-shell?variant=67345522262038,https://nuts.com/products/raw-hazelnuts-filberts-no-shell?variant=67345522262038,online (ships),"online, US",2026-09-23,2026-09-24T03:08:47Z,1lb bag,453.59,1,bag,18.99,41.87,shelled,raw,unsalted,false,true,true,true,119¢/oz,"Shopify product JSON (price in cents, net quantity, availability) fetched by scripts/fetch_prices.py",raw/nuts_com/raw-hazelnuts-filberts-no-shell.json,
nuts_com:raw-hazelnuts-filberts-no-shell:67345522327574,hazelnut,nuts.com,specialty_online,Nuts.com,Raw Hazelnuts / Filberts (No Shell) - 25lb case,raw-hazelnuts-filberts-no-shell?variant=67345522327574,https://nuts.com/products/raw-hazelnuts-filberts-no-shell?variant=67345522327574,online (ships),"online, US",2026-09-23,2026-09-24T03:08:47Z,25lb case,11339.81,1,case,379.80,33.49,shelled,raw,unsalted,false,true,true,false,95¢/oz,"Shopify product JSON (price in cents, net quantity, availability) fetched by scripts/fetch_prices.py",raw/nuts_com/raw-hazelnuts-filberts-no-shell.json,
nuts_com:raw-hazelnuts-filberts-no-shell:67345522294806,hazelnut,nuts.com,specialty_online,Nuts.com,Raw Hazelnuts / Filberts (No Shell) - 5lb bag,raw-hazelnuts-filberts-no-shell?variant=67345522294806,https://nuts.com/products/raw-hazelnuts-filberts-no-shell?variant=67345522294806,online (ships),"online, US",2026-09-23,2026-09-24T03:08:47Z,5lb bag,2267.96,1,bag,92.10,40.61,shelled,raw,unsalted,false,true,true,false,115¢/oz,"Shopify product JSON (price in cents, net quantity, availability) fetched by scripts/fetch_prices.py",raw/nuts_com/raw-hazelnuts-filberts-no-shell.json,
costco:4000235904:online,hazelnut,Costco,warehouse_club,Yupik,"Yupik Raw Shelled Hazelnuts, 2.2 lbs, 3-pack",4000235904 (item 1795947),https://www.costco.com/p/-/yupik-raw-shelled-hazelnuts-22-lbs-3-pack/4000235904,costco.com 2-Day Delivery,delivery ZIP 20001,2026-09-23,2026-09-24T02:56:26.897Z,"2.2 lbs, 3-pack",2993.71,3,multipack,44.99,15.03,shelled,raw,unsalted,false,false,true,false,,Browser capture with COSTCO_CAPTURE_JS (warehouse price is rendered client-side),raw/costco/costco_browser_capture_2026-09-23.json,"Page describes them as untreated, with no added salt or oil. Online only; out of stock; three 2.2 lb bags. Online price; a $3.00 delivery fee applies to 2-Day orders under $75 (not included)."
nuts_com:raw-macadamia-nuts:67345522950166,macadamia,nuts.com,specialty_online,Nuts.com,Raw Macadamia Nuts - 1lb bag,raw-macadamia-nuts?variant=67345522950166,https://nuts.com/products/raw-macadamia-nuts?variant=67345522950166,online (ships),"online, US",2026-09-23,2026-09-24T03:08:46Z,1lb bag,453.59,1,bag,23.99,52.89,shelled,raw,unsalted,false,true,true,true,150¢/oz,"Shopify product JSON (price in cents, net quantity, availability) fetched by scripts/fetch_prices.py",raw/nuts_com/raw-macadamia-nuts.json,
nuts_com:raw-macadamia-nuts:67345522917398,macadamia,nuts.com,specialty_online,Nuts.com,Raw Macadamia Nuts - 25lb case,raw-macadamia-nuts?variant=67345522917398,https://nuts.com/products/raw-macadamia-nuts?variant=67345522917398,online (ships),"online, US",2026-09-23,2026-09-24T03:08:46Z,25lb case,11339.81,1,case,479.80,42.31,shelled,raw,unsalted,false,true,true,false,120¢/oz,"Shopify product JSON (price in cents, net quantity, availability) fetched by scripts/fetch_prices.py",raw/nuts_com/raw-macadamia-nuts.json,
nuts_com:raw-macadamia-nuts:67345522884630,macadamia,nuts.com,specialty_online,Nuts.com,Raw Macadamia Nuts - 5lb bag,raw-macadamia-nuts?variant=67345522884630,https://nuts.com/products/raw-macadamia-nuts?variant=67345522884630,online (ships),"online, US",2026-09-23,2026-09-24T03:08:46Z,5lb bag,2267.96,1,bag,116.35,51.30,shelled,raw,unsalted,false,true,true,false,145¢/oz,"Shopify product JSON (price in cents, net quantity, availability) fetched by scripts/fetch_prices.py",raw/nuts_com/raw-macadamia-nuts.json,
nuts_com:raw-macadamia-nuts:67345522851862,macadamia,nuts.com,specialty_online,Nuts.com,Raw Macadamia Nuts - 8oz bag,raw-macadamia-nuts?variant=67345522851862,https://nuts.com/products/raw-macadamia-nuts?variant=67345522851862,online (ships),"online, US",2026-09-23,2026-09-24T03:08:46Z,8oz bag,226.80,1,bag,15.49,68.30,shelled,raw,unsalted,false,true,true,false,194¢/oz,"Shopify product JSON (price in cents, net quantity, availability) fetched by scripts/fetch_prices.py",raw/nuts_com/raw-macadamia-nuts.json,
walmart:499527722,macadamia,Walmart,big_box,Great Value,"Great Value Chopped Macadamia Nuts, 4 oz",499527722,https://www.walmart.com/ip/499527722,walmart.com (online; ship or pickup),"ZIP 20001, store 3035 (picked by walmart.com from visitor IP)",2026-09-23,2026-09-24T02:51:43.047Z,4 oz,113.40,1,bag,5.34,47.09,shelled,not_stated,unsalted,false,true,true,true,$1.34/oz,Browser capture with WALMART_CAPTURE_JS (scripted fetch refused or not run),raw/walmart/walmart_browser_capture_2026-09-23.json,Chopped pieces; ingredients: macadamia nuts. Only 4 oz packs of unsalted macadamia sold by Walmart.com.
walmart:800469181,macadamia,Walmart,big_box,Great Value,"Great Value Dry Roasted & Salted Macadamia Nuts, 6 oz",800469181,https://www.walmart.com/ip/800469181,walmart.com (online; ship or pickup),"ZIP 20001, store 3035 (picked by walmart.com from visitor IP)",2026-09-23,2026-09-24T02:51:45.483Z,6 oz,170.10,1,bag,7.96,46.80,shelled,dry_roasted,salted,false,true,false,false,$1.33/oz,Browser capture with WALMART_CAPTURE_JS (scripted fetch refused or not run),raw/walmart/walmart_browser_capture_2026-09-23.json,Salted (sea salt in ingredients).
costco:100438733:warehouse,macadamia,Costco,warehouse_club,Kirkland Signature,"Kirkland Signature Dry Roasted Macadamia Nuts, 1.5 lbs",100438733 (item 1195303),https://www.costco.com/p/-/kirkland-signature-dry-roasted-macadamia-nuts-15-lbs/100438733,in-warehouse,Washington DC warehouse,2026-09-23,2026-09-24T02:55:18.731Z,1.5 lbs,680.39,1,bag,15.69,23.06,shelled,dry_roasted,salted,false,true,false,false,,Browser capture with COSTCO_CAPTURE_JS (warehouse price is rendered client-side),raw/costco/costco_browser_capture_2026-09-23.json,Dry roasted with sea salt (100 mg sodium per 28 g on label). Stock at warehouse: In Stock.
costco:100438733:online,macadamia,Costco,warehouse_club,Kirkland Signature,"Kirkland Signature Dry Roasted Macadamia Nuts, 1.5 lbs",100438733 (item 1195303),https://www.costco.com/p/-/kirkland-signature-dry-roasted-macadamia-nuts-15-lbs/100438733,costco.com 2-Day Delivery,delivery ZIP 20001,2026-09-23,2026-09-24T02:55:18.731Z,1.5 lbs,680.39,1,bag,19.99,29.38,shelled,dry_roasted,salted,false,true,false,false,$13.33/per pound,Browser capture with COSTCO_CAPTURE_JS (warehouse price is rendered client-side),raw/costco/costco_browser_capture_2026-09-23.json,Dry roasted with sea salt (100 mg sodium per 28 g on label). Online price; a $3.00 delivery fee applies to 2-Day orders under $75 (not included).
nuts_com:raw-cashews:71824810803222,cashew,nuts.com,specialty_online,Nuts.com,Raw Cashews - 40oz bag,raw-cashews?variant=71824810803222,https://nuts.com/products/raw-cashews?variant=71824810803222,online (ships),"online, US",2026-09-23,2026-09-24T03:08:48Z,40oz bag,1133.98,1,bag,29.99,26.45,shelled,raw,unsalted,false,true,true,true,75¢/oz,"Shopify product JSON (price in cents, net quantity, availability) fetched by scripts/fetch_prices.py",raw/nuts_com/raw-cashews.json,
nuts_com:raw-cashews:67345520033814,cashew,nuts.com,specialty_online,Nuts.com,Raw Cashews - 25lb case,raw-cashews?variant=67345520033814,https://nuts.com/products/raw-cashews?variant=67345520033814,online (ships),"online, US",2026-09-23,2026-09-24T03:08:48Z,25lb case,11339.81,1,case,279.80,24.67,shelled,raw,unsalted,false,true,true,false,70¢/oz,"Shopify product JSON (price in cents, net quantity, availability) fetched by scripts/fetch_prices.py",raw/nuts_com/raw-cashews.json,
nuts_com:dry-roasted-cashews-unsalted:67356773810198,cashew,nuts.com,specialty_online,Nuts.com,Dry Roasted Cashews (Unsalted) - 25lb case,dry-roasted-cashews-unsalted?variant=67356773810198,https://nuts.com/products/dry-roasted-cashews-unsalted?variant=67356773810198,online (ships),"online, US",2026-09-23,2026-09-24T03:08:48Z,25lb case,11339.81,1,case,299.80,26.44,shelled,dry_roasted,unsalted,false,true,true,false,75¢/oz,"Shopify product JSON (price in cents, net quantity, availability) fetched by scripts/fetch_prices.py",raw/nuts_com/dry-roasted-cashews-unsalted.json,
nuts_com:dry-roasted-cashews-unsalted:71851952832534,cashew,nuts.com,specialty_online,Nuts.com,Dry Roasted Cashews (Unsalted) - 40oz bag,dry-roasted-cashews-unsalted?variant=71851952832534,https://nuts.com/products/dry-roasted-cashews-unsalted?variant=71851952832534,online (ships),"online, US",2026-09-23,2026-09-24T03:08:48Z,40oz bag,1133.98,1,bag,32.99,29.09,shelled,dry_roasted,unsalted,false,true,true,false,82¢/oz,"Shopify product JSON (price in cents, net quantity, availability) fetched by scripts/fetch_prices.py",raw/nuts_com/dry-roasted-cashews-unsalted.json,
nuts_com:raw-cashews:71824810737686,cashew,nuts.com,specialty_online,Nuts.com,Raw Cashews - 16oz bag,raw-cashews?variant=71824810737686,https://nuts.com/products/raw-cashews?variant=71824810737686,online (ships),"online, US",2026-09-23,2026-09-24T03:08:48Z,16oz bag,453.59,1,bag,13.99,30.84,shelled,raw,unsalted,false,true,true,false,87¢/oz,"Shopify product JSON (price in cents, net quantity, availability) fetched by scripts/fetch_prices.py",raw/nuts_com/raw-cashews.json,
nuts_com:dry-roasted-cashews-unsalted:71851952799766,cashew,nuts.com,specialty_online,Nuts.com,Dry Roasted Cashews (Unsalted) - 16oz bag,dry-roasted-cashews-unsalted?variant=71851952799766,https://nuts.com/products/dry-roasted-cashews-unsalted?variant=71851952799766,online (ships),"online, US",2026-09-23,2026-09-24T03:08:48Z,16oz bag,453.59,1,bag,14.99,33.05,shelled,dry_roasted,unsalted,false,true,true,false,94¢/oz,"Shopify product JSON (price in cents, net quantity, availability) fetched by scripts/fetch_prices.py",raw/nuts_com/dry-roasted-cashews-unsalted.json,
nuts_com:raw-cashews:71824810770454,cashew,nuts.com,specialty_online,Nuts.com,Raw Cashews - 8oz bag,raw-cashews?variant=71824810770454,https://nuts.com/products/raw-cashews?variant=71824810770454,online (ships),"online, US",2026-09-23,2026-09-24T03:08:48Z,8oz bag,226.80,1,bag,7.99,35.23,shelled,raw,unsalted,false,true,true,false,100¢/oz,"Shopify product JSON (price in cents, net quantity, availability) fetched by scripts/fetch_prices.py",raw/nuts_com/raw-cashews.json,
nuts_com:dry-roasted-cashews-unsalted:71851952766998,cashew,nuts.com,specialty_online,Nuts.com,Dry Roasted Cashews (Unsalted) - 8oz bag,dry-roasted-cashews-unsalted?variant=71851952766998,https://nuts.com/products/dry-roasted-cashews-unsalted?variant=71851952766998,online (ships),"online, US",2026-09-23,2026-09-24T03:08:48Z,8oz bag,226.80,1,bag,8.99,39.64,shelled,dry_roasted,unsalted,false,true,true,false,112¢/oz,"Shopify product JSON (price in cents, net quantity, availability) fetched by scripts/fetch_prices.py",raw/nuts_com/dry-roasted-cashews-unsalted.json,
walmart:748653717,cashew,Walmart,big_box,Great Value,"Great Value Organic Raw Whole Cashews, 14 oz",748653717,https://www.walmart.com/ip/748653717,walmart.com (online; ship or pickup),"ZIP 20001, store 3035 (picked by walmart.com from visitor IP)",2026-09-23,2026-09-24T02:52:24.680Z,14 oz,396.89,1,bag,8.98,22.63,shelled,raw,unsalted,true,true,true,true,64.1 ¢/oz,Browser capture with WALMART_CAPTURE_JS (scripted fetch refused or not run),raw/walmart/walmart_browser_capture_2026-09-23.json,USDA organic; ingredients: organic cashews.
walmart:364798995,cashew,Walmart,big_box,Great Value,"Great Value Deluxe Cashews, 30 oz",364798995,https://www.walmart.com/ip/364798995,walmart.com (online; ship or pickup),"ZIP 20001, store 3035 (picked by walmart.com from visitor IP)",2026-09-23,2026-09-24T02:52:32.897Z,30 oz,850.49,1,bag,11.72,13.78,shelled,oil_roasted,salted,false,true,false,false,39.1 ¢/oz,Browser capture with WALMART_CAPTURE_JS (scripted fetch refused or not run),raw/walmart/walmart_browser_capture_2026-09-23.json,"Ingredients: cashews, vegetable oil, sea salt."
walmart:45595300,cashew,Walmart,big_box,Great Value,"Great Value Deluxe Whole Cashews, Unsalted, 16 oz",45595300,https://www.walmart.com/ip/45595300,walmart.com (online; ship or pickup),"ZIP 20001, store 3035 (picked by walmart.com from visitor IP)",2026-09-23,2026-09-24T02:52:29.179Z,16 oz,453.59,1,bag,7.44,16.40,shelled,oil_roasted,unsalted,false,true,false,false,46.5 ¢/oz,Browser capture with WALMART_CAPTURE_JS (scripted fetch refused or not run),raw/walmart/walmart_browser_capture_2026-09-23.json,"Ingredients list peanut, cottonseed, sunflower and canola oils (oil roasted)."
costco:4000043019:warehouse,cashew,Costco,warehouse_club,Kirkland Signature,"Kirkland Signature Fancy Whole Cashews, Unsalted, 2.5 lbs",4000043019 (item 1617507),https://www.costco.com/p/-/kirkland-signature-fancy-whole-cashews-unsalted-25-lbs/4000043019,in-warehouse,Washington DC warehouse,2026-09-23,2026-09-24T02:54:37.410Z,2.5 lbs,1133.98,1,bag,15.29,13.48,shelled,not_stated,unsalted,false,true,true,true,,Browser capture with COSTCO_CAPTURE_JS (warehouse price is rendered client-side),raw/costco/costco_browser_capture_2026-09-23.json,Page does not say whether roasted; 40 oz pouch. Stock at warehouse: In Stock.
costco:4000064056:warehouse,cashew,Costco,warehouse_club,Kirkland Signature,"Kirkland Signature Organic Whole Cashews, Unsalted, Unroasted, 2.5 lbs",4000064056 (item 1617506),https://www.costco.com/p/-/kirkland-signature-organic-whole-cashews-unsalted-unroasted-25-lbs/4000064056,in-warehouse,Washington DC warehouse,2026-09-23,2026-09-24T02:54:41.615Z,2.5 lbs,1133.98,1,bag,17.49,15.42,shelled,raw,unsalted,true,true,true,false,,Browser capture with COSTCO_CAPTURE_JS (warehouse price is rendered client-side),raw/costco/costco_browser_capture_2026-09-23.json,"USDA organic, unroasted. Stock at warehouse: In Stock."
costco:4000043019:online,cashew,Costco,warehouse_club,Kirkland Signature,"Kirkland Signature Fancy Whole Cashews, Unsalted, 2.5 lbs",4000043019 (item 1617507),https://www.costco.com/p/-/kirkland-signature-fancy-whole-cashews-unsalted-25-lbs/4000043019,costco.com 2-Day Delivery,delivery ZIP 20001,2026-09-23,2026-09-24T02:54:37.410Z,2.5 lbs,1133.98,1,bag,18.49,16.31,shelled,not_stated,unsalted,false,true,true,false,$7.40/per pound,Browser capture with COSTCO_CAPTURE_JS (warehouse price is rendered client-side),raw/costco/costco_browser_capture_2026-09-23.json,Page does not say whether roasted; 40 oz pouch. Online price; a $3.00 delivery fee applies to 2-Day orders under $75 (not included).
costco:4000064056:online,cashew,Costco,warehouse_club,Kirkland Signature,"Kirkland Signature Organic Whole Cashews, Unsalted, Unroasted, 2.5 lbs",4000064056 (item 1617506),https://www.costco.com/p/-/kirkland-signature-organic-whole-cashews-unsalted-unroasted-25-lbs/4000064056,costco.com 2-Day Delivery,delivery ZIP 20001,2026-09-23,2026-09-24T02:54:41.615Z,2.5 lbs,1133.98,1,bag,19.99,17.63,shelled,raw,unsalted,true,true,true,false,$0.50/per ounce,Browser capture with COSTCO_CAPTURE_JS (warehouse price is rendered client-side),raw/costco/costco_browser_capture_2026-09-23.json,"USDA organic, unroasted. Online price; a $3.00 delivery fee applies to 2-Day orders under $75 (not included)."
nuts_com:dry-roasted-peanuts-unsalted:71820035784726,peanut,nuts.com,specialty_online,Nuts.com,Dry Roasted Peanuts (Unsalted) - 48oz bag,dry-roasted-peanuts-unsalted?variant=71820035784726,https://nuts.com/products/dry-roasted-peanuts-unsalted?variant=71820035784726,online (ships),"online, US",2026-09-23,2026-09-24T03:08:49Z,48oz bag,1360.78,1,bag,13.99,10.28,shelled,dry_roasted,unsalted,false,true,true,true,29¢/oz,"Shopify product JSON (price in cents, net quantity, availability) fetched by scripts/fetch_prices.py",raw/nuts_com/dry-roasted-peanuts-unsalted.json,
nuts_com:raw-spanish-peanuts:67345548476438,peanut,nuts.com,specialty_online,Nuts.com,Raw Spanish Peanuts - 30lb case,raw-spanish-peanuts?variant=67345548476438,https://nuts.com/products/raw-spanish-peanuts?variant=67345548476438,online (ships),"online, US",2026-09-23,2026-09-24T03:08:49Z,30lb case,13607.77,1,case,123.53,9.08,shelled,raw,unsalted,false,false,true,false,26¢/oz,"Shopify product JSON (price in cents, net quantity, availability) fetched by scripts/fetch_prices.py",raw/nuts_com/raw-spanish-peanuts.json,Listed as unavailable (out of stock) on the retrieval date.
nuts_com:dry-roasted-peanuts-unsalted:67356311912470,peanut,nuts.com,specialty_online,Nuts.com,Dry Roasted Peanuts (Unsalted) - 30lb case,dry-roasted-peanuts-unsalted?variant=67356311912470,https://nuts.com/products/dry-roasted-peanuts-unsalted?variant=67356311912470,online (ships),"online, US",2026-09-23,2026-09-24T03:08:49Z,30lb case,13607.77,1,case,131.76,9.68,shelled,dry_roasted,unsalted,false,true,true,false,27¢/oz,"Shopify product JSON (price in cents, net quantity, availability) fetched by scripts/fetch_prices.py",raw/nuts_com/dry-roasted-peanuts-unsalted.json,
nuts_com:raw-spanish-peanuts:71593920004118,peanut,nuts.com,specialty_online,Nuts.com,Raw Spanish Peanuts - 48oz bag,raw-spanish-peanuts?variant=71593920004118,https://nuts.com/products/raw-spanish-peanuts?variant=71593920004118,online (ships),"online, US",2026-09-23,2026-09-24T03:08:49Z,48oz bag,1360.78,1,bag,13.99,10.28,shelled,raw,unsalted,false,false,true,false,29¢/oz,"Shopify product JSON (price in cents, net quantity, availability) fetched by scripts/fetch_prices.py",raw/nuts_com/raw-spanish-peanuts.json,Listed as unavailable (out of stock) on the retrieval date.
nuts_com:raw-spanish-peanuts:67345548443670,peanut,nuts.com,specialty_online,Nuts.com,Raw Spanish Peanuts - 5lb bag,raw-spanish-peanuts?variant=67345548443670,https://nuts.com/products/raw-spanish-peanuts?variant=67345548443670,online (ships),"online, US",2026-09-23,2026-09-24T03:08:49Z,5lb bag,2267.96,1,bag,26.63,11.74,shelled,raw,unsalted,false,false,true,false,33¢/oz,"Shopify product JSON (price in cents, net quantity, availability) fetched by scripts/fetch_prices.py",raw/nuts_com/raw-spanish-peanuts.json,Listed as unavailable (out of stock) on the retrieval date.
nuts_com:dry-roasted-peanuts-unsalted:71820035751958,peanut,nuts.com,specialty_online,Nuts.com,Dry Roasted Peanuts (Unsalted) - 16oz bag,dry-roasted-peanuts-unsalted?variant=71820035751958,https://nuts.com/products/dry-roasted-peanuts-unsalted?variant=71820035751958,online (ships),"online, US",2026-09-23,2026-09-24T03:08:49Z,16oz bag,453.59,1,bag,5.49,12.10,shelled,dry_roasted,unsalted,false,true,true,false,34¢/oz,"Shopify product JSON (price in cents, net quantity, availability) fetched by scripts/fetch_prices.py",raw/nuts_com/dry-roasted-peanuts-unsalted.json,
nuts_com:raw-spanish-peanuts:71593919971350,peanut,nuts.com,specialty_online,Nuts.com,Raw Spanish Peanuts - 16oz bag,raw-spanish-peanuts?variant=71593919971350,https://nuts.com/products/raw-spanish-peanuts?variant=71593919971350,online (ships),"online, US",2026-09-23,2026-09-24T03:08:49Z,16oz bag,453.59,1,bag,5.49,12.10,shelled,raw,unsalted,false,false,true,false,34¢/oz,"Shopify product JSON (price in cents, net quantity, availability) fetched by scripts/fetch_prices.py",raw/nuts_com/raw-spanish-peanuts.json,Listed as unavailable (out of stock) on the retrieval date.
walmart:10448400,peanut,Walmart,big_box,Great Value,"Great Value Dry Roasted and Unsalted Peanuts, 16 oz, Jar",10448400,https://www.walmart.com/ip/10448400,walmart.com (online; ship or pickup),"ZIP 20001, store 3035 (picked by walmart.com from visitor IP)",2026-09-23,2026-09-24T03:00:19Z,16 oz,453.59,1,bag,2.58,5.69,shelled,dry_roasted,unsalted,false,true,true,true,16.1 ¢/oz,Page __NEXT_DATA__ JSON from a scripted fetch (raw HTML stored gzipped),raw/walmart/ip_10448400.html.gz,Ingredients: peanuts.
walmart:333053298,peanut,Walmart,big_box,Great Value,"Great Value Raw Peanuts, 16 oz",333053298,https://www.walmart.com/ip/333053298,walmart.com (online; ship or pickup),"ZIP 20001, store 3035 (picked by walmart.com from visitor IP)",2026-09-23,2026-09-24T03:00:34Z,16 oz,453.59,1,bag,3.24,7.14,shelled,raw,unsalted,false,true,true,false,20.3 ¢/oz,Page __NEXT_DATA__ JSON from a scripted fetch (raw HTML stored gzipped),raw/walmart/ip_333053298.html.gz,Ingredients: peanuts; shelled.
costco:100115269:warehouse,peanut,Costco,warehouse_club,Kirkland Signature,"Kirkland Signature Super Extra-Large Peanuts, 2.5 lbs",100115269 (item 222490),https://www.costco.com/p/-/kirkland-signature-super-extra-large-peanuts-25-lbs/100115269,in-warehouse,Washington DC warehouse,2026-09-23,2026-09-24T02:55:35.013Z,2.5 lbs,1133.98,1,bag,7.49,6.61,shelled,roasted,salted,false,true,false,false,,Browser capture with COSTCO_CAPTURE_JS (warehouse price is rendered client-side),raw/costco/costco_browser_capture_2026-09-23.json,"Roasted and salted, Virginia variety, 40 oz can. Stock at warehouse: In Stock."
costco:100115269:online,peanut,Costco,warehouse_club,Kirkland Signature,"Kirkland Signature Super Extra-Large Peanuts, 2.5 lbs",100115269 (item 222490),https://www.costco.com/p/-/kirkland-signature-super-extra-large-peanuts-25-lbs/100115269,costco.com 2-Day Delivery,delivery ZIP 20001,2026-09-23,2026-09-24T02:55:35.013Z,2.5 lbs,1133.98,1,bag,8.99,7.93,shelled,roasted,salted,false,true,false,false,$3.60/per pound,Browser capture with COSTCO_CAPTURE_JS (warehouse price is rendered client-side),raw/costco/costco_browser_capture_2026-09-23.json,"Roasted and salted, Virginia variety, 40 oz can. Online price; a $3.00 delivery fee applies to 2-Day orders under $75 (not included)."
target:78100370,peanut,Target,big_box,Good & Gather,Good & Gather Lightly Salted Dry Roasted Peanuts - 16oz,78100370,https://www.target.com/p/lightly-salted-dry-roasted-peanuts-16oz-good-38-gather-8482/-/A-78100370,target.com listing,"store 2259 Columbia Heights, Washington DC",2026-09-23,2026-09-24T02:58:00Z,16 oz,453.59,1,bag,2.99,6.59,shelled,dry_roasted,salted,false,true,false,false,$0.19/ounce,Search-results listing text read in a browser; product pages blocked by a human-verification challenge (not attempted),raw/target/target_search_listing_2026-09-23.json,Lightly salted.
